CODMUNOCOR,I,II,III,IV,IX,V,VI,VII,VIII,X,XI,XII,XIII,XIV,XV,XVI,XVII,XVIII,XX,n,ds_nomepad,in_pobreza,nu_latitud,nu_longit
291720,2,14,1,6,20,4,3,"","",9,4,"",1,"","",1,"",13,8,86,ITUACU,N,"-13,80741","-41,31098"
292530,34,87,6,68,197,13,14,"",1,66,35,2,1,19,1,21,15,53,230,863,PORTO SEGURO,N,"-16,44906","-39,06211"
291005,6,26,1,19,56,"",7,"","",15,8,"",2,3,1,4,"",23,77,248,DIAS D'AVILA,N,"-12,60437","-38,29799"
292260,1,1,"",7,7,1,"","","",2,1,"","",1,"","","",13,12,46,NILO PECANHA,S,"-13,60449","-39,11299"
291835,2,18,1,5,15,2,4,"","",8,"",2,"","","",1,"",19,8,85,JOAO DOURADO,S,"-11,34641","-41,65999"
291685,3,6,"",13,20,1,"","","",1,3,"","","","","","",4,15,66,ITATIM,S,"-12,70925","-39,70377"
293000,2,12,1,3,7,3,"","","",2,1,"","","","","","",2,3,36,SEBASTIAO LARANJEIRAS,S,"-14,57482","-42,94411"
290960,4,10,"",3,15,"",1,"","",8,5,1,"",1,"","",1,47,9,105,CRISOPOLIS,S,"-11,51779","-38,15172"
291340,5,4,1,8,24,1,1,"","",9,1,1,"",1,"",1,"",14,2,73,IGAPORA,S,"-13,76798","-42,71788"
292320,2,11,"",4,31,1,"","","",11,3,"","","","","","",39,19,121,OLIVEIRA DOS BREJINHOS,N,"-12,32059","-42,89702"
292303,"",6,"",3,25,"","","","",2,"","","","","",1,"",13,5,55,NOVO HORIZONTE,N,"-12,80200","-42,16779"
290390,14,23,2,10,80,2,5,"","",31,14,1,3,6,"",11,2,86,79,369,BOM JESUS DA LAPA,S,"-13,25411","-43,41714"
292890,1,4,"",2,12,"","","","",3,3,1,"",3,"","","",7,18,54,SAO DESIDERIO,S,"-12,36090","-44,97410"
292960,7,13,"",13,39,3,"","","","",4,"","","","",1,1,8,5,94,SAPEACU,N,"-12,73516","-39,19481"
292540,1,6,"","",16,1,"","","","",1,"",1,"","","","",3,11,40,POTIRAGUA,S,"-15,59246","-39,87566"
292470,"",7,"",2,13,"","","","",6,3,"","","","","","",9,6,46,PIRIPA,S,"-14,94687","-41,72487"
292595,5,7,1,10,35,1,2,"","",6,6,2,"","","",1,3,20,19,118,RAFAEL JAMBEIRO,S,"-12,40742","-39,50064"
292840,4,3,"",5,10,"",2,"","",1,6,"","","","",6,"",6,20,63,SANTA RITA DE CASSIA,N,"-11,00805","-44,51905"
292070,"",3,"",4,9,1,1,"","",3,"","",1,1,"","","",5,10,38,MARAU,N,"-14,10553","-39,02495"
293270,1,5,"",3,12,1,2,"","",1,1,1,"","","","","",29,25,81,URUCUCA,N,"-14,59204","-39,28380"
291915,3,18,"",14,23,4,6,"","",4,2,"","",3,"",1,"",1,21,100,LAPAO,S,"-11,38014","-41,83191"
291710,2,5,"",5,28,1,1,"","",10,1,"",2,"","","","",44,5,104,ITORORO,S,"-15,11904","-40,07170"
291730,6,6,1,22,32,1,4,"","",4,6,"","","","",1,"",7,16,106,ITUBERA,N,"-13,73616","-39,14904"
292140,"",2,"",5,3,"","","","",2,1,"","","","","","",12,7,32,MIRANGABA,S,"-10,95612","-40,57479"
291940,1,6,"",5,13,1,2,"","",9,1,"",4,1,"","","",7,6,56,LICINIO DE ALMEIDA,S,"-14,67587","-42,50268"
290650,15,41,8,52,143,4,12,"","",74,14,2,1,4,"",9,1,25,104,509,CANDEIAS,N,"-12,67192","-38,54360"
290430,1,5,"",10,36,"",2,"","",7,3,"",1,1,"","","",9,5,80,BREJOES,S,"-13,10554","-39,79349"
290280,10,21,1,15,52,1,"","","",19,19,"","",4,"",9,1,14,27,193,BARRA DA ESTIVA,S,"-13,62020","-41,33170"
293280,7,4,"",4,13,"",1,"","",4,1,"",1,2,"","","",43,14,94,UTINGA,S,"-12,08332","-41,09583"
290940,1,3,"",3,8,"","","","",3,"","","","","","","",10,4,32,COTEGIPE,S,"-12,02860","-44,25248"
291160,2,5,"",6,17,"",1,"","",7,"","","","","","","",11,15,64,GOVERNADOR MANGABEIRA,S,"-12,60155","-39,03402"
292430,3,7,"",10,25,2,2,"","",7,7,"",2,1,"",2,"",60,6,134,PIATA,S,"-13,16446","-41,77062"
280030,12,43,3,9,49,"",3,"","",18,17,2,1,9,"",16,7,1,19,209,ARACAJU,N,"-10,90722","-37,04821"
291535,1,7,"",6,19,3,2,"","",1,"","",2,"","","","",2,15,58,ITAGUACU DA BAHIA,N,"-11,00872","-42,40116"
292590,3,12,"",7,22,"","","","",3,2,1,1,1,"",3,2,33,9,99,QUIJINGUE,S,"-10,75167","-39,20661"
291010,1,11,"",2,16,"","","","",8,1,1,"",2,"","","",3,9,54,DOM BASILIO,S,"-13,76333","-41,77088"
290910,2,10,"",6,14,1,1,"","",4,2,"","","","",4,1,8,11,64,CORIBE,N,"-13,82784","-44,45304"
291690,3,8,"",8,17,2,1,"","",4,3,"",1,"","",3,"",38,3,91,ITIRUCU,S,"-13,53240","-40,14617"
292910,13,5,"",11,27,"","","","",5,4,"",1,3,"","","",7,10,86,SAO FELIPE,S,"-12,84508","-39,08401"
290070,44,109,10,155,358,18,14,"","",72,57,3,5,21,4,32,11,102,235,1250,ALAGOINHAS,N,"-12,13418","-38,42262"
290020,"",7,"",5,27,"","","","",3,6,"",2,"","",3,"",2,16,71,ABARE,S,"-8,72342","-39,11659"
292805,"",1,"",1,6,"",1,"","","",1,"",1,"","","","",28,23,62,SANTA LUZIA,N,"-15,43279","-39,33249"
291600,4,12,"",13,46,2,3,"","",11,8,"","","","",1,1,11,13,125,ITANHEM,N,"-17,16633","-40,32705"
290450,"",16,1,6,26,"",18,"","",3,5,"","",2,"","",2,1,9,89,BROTAS DE MACAUBAS,S,"-12,00264","-42,62469"
292100,11,23,3,15,59,2,2,"","",8,12,1,"",4,"",4,"",15,61,220,MATA DE SAO JOAO,N,"-12,52997","-38,29730"
292190,"",7,1,3,15,1,1,"","",1,2,"","","","",1,"",2,10,44,MUCUGE,S,"-13,00389","-41,37321"
530010,3,29,1,3,17,1,1,"","",9,9,"",3,"","",1,4,"",8,89,BRASILIA,N,"-15,79409","-47,88791"
293090,"",1,"",1,4,"","","","",2,"",1,"","","","","",5,2,16,TABOCAS DO BREJO VELHO,S,"-12,70730","-44,01119"
292660,45,27,2,29,109,5,7,"",1,53,26,3,1,11,2,7,3,105,54,490,RIBEIRA DO POMBAL,S,"-10,83628","-38,53610"
290420,1,8,"",7,10,1,1,"","",4,"","","",2,"","","",1,2,37,BOTUPORA,S,"-13,38087","-42,52928"
290350,2,9,"",9,19,3,1,"",1,8,5,2,"","","","","",17,14,90,BELO CAMPO,S,"-15,03350","-41,26003"
292440,2,2,"",8,23,2,"","","",4,"","","",1,"","","",36,10,88,PILAO ARCADO,S,"-9,99777","-42,48476"
291120,6,13,"",27,45,3,1,"","",7,10,"","",1,"",5,1,50,19,188,GANDU,N,"-13,74378","-39,48632"
293240,1,15,1,3,32,"",3,"","",11,3,"","","","","","",1,10,80,UIBAI,S,"-11,33811","-42,13380"
292030,1,1,"","",1,"",2,"","",2,"","","","","",1,"",8,4,20,MALHADA DE PEDRAS,S,"-14,37795","-41,87870"
290327,4,4,1,2,13,1,"","","",3,1,2,"","","","","",13,7,51,BARROCAS,N,"-11,52911","-39,07867"
292467,"",3,"","",5,"","","","",1,"","","","","","","",7,1,17,PIRAI DO NORTE,N,"-13,76123","-39,37452"
291830,"",3,"",7,23,1,"","","",5,2,"","",1,"","","",15,4,61,JITAUNA,S,"-14,01743","-39,88963"
291660,1,3,1,1,16,"","","","",10,3,"","","","","","",8,6,49,ITAPITANGA,N,"-14,42119","-39,56636"
320490,3,3,"",1,9,"","","","",8,2,"","",1,"","","","",2,29,SAO MATEUS,N,"-18,71845","-39,85820"
292225,"","","","",3,1,"","","","",1,"","","","","","",8,6,19,MUQUEM DE SAO FRANCISCO,S,"-12,06826","-43,55186"
290515,1,6,"","",10,1,1,"","",2,"","","","","","","",3,2,26,CAETANOS,S,"-14,33856","-40,90929"
292460,1,5,"",5,11,"","","","",4,2,"","",1,"",1,"",38,8,76,PINDOBACU,S,"-10,73421","-40,35716"
292130,3,7,1,7,21,1,1,"","",4,6,"","","","","","",3,10,64,MILAGRES,N,"-12,87057","-39,85913"
290030,4,7,1,3,12,"",2,"","",3,1,"","","","","","",28,11,72,ACAJUTIBA,S,"-11,66261","-38,01829"
310620,1,6,"",1,6,"",1,"","","",4,"","",1,"",1,"",1,3,25,BELO HORIZONTE,N,"-19,93752","-43,92645"
292650,2,2,"",6,9,"","","","",4,"","","","","","","","",6,29,RIBEIRA DO AMPARO,S,"-11,03916","-38,43055"
293015,3,7,"",3,14,"","","","",2,3,"","",1,"","",1,52,25,111,SERRA DO RAMALHO,N,"-13,56447","-43,58073"
291220,1,3,"",1,8,"",1,"","","","","","","","","","",5,9,28,IBICOARA,S,"-13,42633","-41,27207"
290640,"",1,1,1,5,"","","","",1,"","","","","","","",13,2,24,CANDEAL,S,"-11,80497","-39,12372"
290040,1,"","",3,9,1,1,"","",4,3,1,"",1,"",1,1,20,6,52,AGUA FRIA,S,"-11,87293","-38,76808"
291845,"","","","",3,"","","","",1,1,"","","","","","",20,5,30,JUCURUCU,S,"-16,84452","-40,15881"
292770,2,5,"",1,15,1,2,"","",6,4,2,1,"","","","",9,3,51,SANTA CRUZ CABRALIA,N,"-16,33810","-39,01318"
292905,3,4,1,11,33,4,5,"","",7,6,"","",1,1,3,"","",18,97,SAO FELIX DO CORIBE,S,"-13,40422","-44,19687"
290340,10,10,"",9,48,1,3,"","",8,4,"","",1,"",1,1,12,2,110,BELMONTE,N,"-15,86140","-38,88030"
291165,2,6,1,1,20,"","","","",3,1,"","",1,"","","",1,4,40,GUAJERU,S,"-14,54696","-41,93715"
290540,"","","","",6,2,"","","",2,"","","","","","","","",18,28,CAIRU,N,"-13,48760","-39,04325"
292275,"","","",1,4,1,2,"","","",1,"","","","","","",5,3,17,NOVA IBIA,N,"-13,80991","-39,62569"
290440,"",5,"",4,3,2,"","","",3,1,"","","","","","",9,9,36,BREJOLANDIA,S,"-12,48669","-43,96566"
290225,"",1,"",2,9,"",2,"","",1,1,"","","","","","",10,18,44,ARATACA,N,"-15,26087","-39,41328"
293070,26,30,3,33,112,4,7,"","",47,23,3,1,6,1,8,2,37,179,522,SIMOES FILHO,N,"-12,78394","-38,41152"
290090,2,"","","",8,1,"","","",5,2,"","","","","","","",2,20,ALMADINA,N,"-14,70605","-39,63590"
320501,"","","","","","","","","","","","","","","","","","",1,1,SOORETAMA,N,"-19,19195","-40,09649"
292670,1,10,1,7,24,"",2,"","",12,3,3,"","","",1,"",4,11,79,RIO DE CONTAS,S,"-13,58861","-41,81879"
291185,"",8,1,2,13,1,1,"","",4,2,"","","","","","",6,9,47,HELIOPOLIS,S,"-10,67530","-38,28023"
290620,4,14,1,5,31,5,3,"","",4,"","",2,1,"","","",10,10,90,CANARANA,S,"-11,68758","-41,76549"
291250,1,9,2,10,24,"",1,"","",10,1,"","",2,"","","",7,4,71,IBIPITANGA,S,"-12,87911","-42,49123"
290750,5,27,4,35,69,3,3,"","",22,9,1,"",1,"",4,"",36,51,270,CATU,N,"-12,35519","-38,37629"
312160,"","","","","","","","","","","","","","","","","","",1,1,DIAMANTINA,N,"-18,24209","-43,59446"
352940,"",1,"",1,1,"","","","","","","","","","","","","","",3,MAUA,N,"-23,66933","-46,45826"
292593,1,5,1,4,5,"","","","",1,"","","","","","","",1,4,22,QUIXABEIRA,S,"-11,40869","-40,12150"
312670,"","","","","","","","","","","","","","","","","","",1,1,FRANCISCO SA,S,"-16,47568","-43,48874"
313505,"","","",1,"","","","","","","","","","","","","","",1,2,JAIBA,S,"-15,34293","-43,67033"
293060,5,4,1,4,21,1,1,"","",3,5,1,"","","","","",14,9,69,SERROLANDIA,S,"-11,41603","-40,29991"
290880,1,1,1,5,14,"","","","",2,"","","",1,"","","","",1,26,CONTENDAS DO SINCORA,S,"-13,75550","-41,04632"
292830,1,3,"","",8,"","","","","",1,"","","","","","",17,3,33,SANTANOPOLIS,S,"-12,02841","-38,86716"
292410,1,2,"",5,8,1,"","","","","","","","","","","",8,3,28,PEDRAO,S,"-12,14359","-38,64900"
313695,"","","","","",1,"","","","","","","","","","","","","",1,JUVENILIA,S,"-14,26359","-44,15959"
314055,"","","","","","","","","","","","","","","","","",2,2,4,MATA VERDE,N,"-15,68767","-40,73853"
320060,"","","","","","","","","",1,"","","","","","","","","",1,ARACRUZ,N,"-19,82328","-40,27622"
290740,1,1,"","","","","","","","","","","","","","","",1,1,4,CATOLANDIA,S,"-12,31601","-44,85977"
312090,"","","","","","","","","","","","","","","","","","",3,3,CURVELO,N,"-18,75548","-44,42840"
352850,"","","","","","","","","","","","","","","","","","",3,3,MAIRIPORA,S,"-23,32246","-46,59020"
292080,1,4,1,5,12,1,"","","",2,1,"","",1,"",1,"",5,2,36,MARCIONILIO SOUZA,S,"-13,00351","-40,53453"
320460,"","","",1,"","","","","","","","","","","","","","","",1,SANTA TERESA,N,"-19,93771","-40,59900"
221060,"","",1,"",1,"","","","","",1,"","","","","","","",1,4,SAO RAIMUNDO NONATO,N,"-9,01536","-42,69229"
291733,1,2,"",2,12,"",1,"","",2,1,"","","","",1,"",2,6,30,IUIU,S,"-14,41215","-43,55640"
353060,"","","","","","","","","","",1,"","","","","","","","",1,MOGI DAS CRUZES,N,"-23,52271","-46,19676"
261090,"","","","","","","","","","","","","","","","","","",1,1,PESQUEIRA,S,"-8,35546","-36,69551"
310150,"","","","","","","","","","","","","","","","","","",1,1,ALEM PARAIBA,N,"-21,87680","-42,69595"
261220,2,"","",2,2,"",1,"","",6,2,"","",1,"",1,"","","",17,SALGUEIRO,N,"-8,07068","-39,12085"
291870,"",3,"","",1,"","","","",1,"","","","","","","",12,2,19,LAFAIETE COUTINHO,S,"-13,65300","-40,21061"
293077,2,4,"","",13,"","","","",2,1,"","","","","","",52,19,93,SOBRADINHO,S,"-9,47081","-40,79159"
510340,"","","","","","","","","","","","","","","","",1,"",1,2,CUIABA,N,"-15,56999","-56,07325"
292880,11,23,1,30,82,1,5,"","",22,11,"","",7,"",2,1,41,47,284,SANTO ESTEVAO,N,"-12,42889","-39,25319"
292220,"",3,"",1,4,"","","","",2,"","","","","","","",2,5,17,MUNIZ FERREIRA,N,"-12,99730","-39,11298"
290485,3,7,"",8,16,1,2,"","",3,"","","",1,"","","","",12,53,CABACEIRAS DO PARAGUACU,S,"-12,53714","-39,18671"
293220,1,6,"",9,18,3,1,"","",2,"","","","","",1,"",30,31,102,UBAITABA,N,"-14,31044","-39,32255"
311450,"","","","","","","","","","","","","","","","","","",1,1,CARMOPOLIS DE MINAS,N,"-20,53964","-44,63253"
260790,"","","","","","","","","","","","","","","",1,"","","",1,JABOATAO DOS GUARARAPES,N,"-8,16539","-34,92117"
292305,"","",1,"",10,"",3,"","","","","","","","","","",6,"",20,NOVO TRIUNFO,N,"-10,34202","-38,41558"
316800,"","","","","","","","","","",1,"","","","","","","","",1,TAIOBEIRAS,N,"-15,81152","-42,22792"
280460,"","","","","","","","","","","","","","","","","","",1,1,NOSSA SENHORA DAS DORES,S,"-10,49205","-37,19371"
260120,"","","","","","","","","","","","","","","","","","",1,1,ARCOVERDE,S,"-8,42394","-37,05651"
330455,"",6,"","",2,"","","","","",1,"","","","","","","",1,10,RIO DE JANEIRO,N,"-22,87665","-43,22788"
290990,5,16,"",7,47,3,1,"","",6,4,"",1,1,"",2,3,5,26,127,CURACA,S,"-8,98903","-39,90808"
314480,"",3,"","","","","","","",1,"","","","","","",1,"","",5,NOVA LIMA,N,"-19,98389","-43,84978"
291420,3,1,"",4,5,2,"","","",1,1,"","","","","","",12,3,32,IRAJUBA,S,"-13,25661","-40,08385"
270710,"","","","","","","","","","","","","","","","","","",3,3,PIRANHAS,S,"-9,62356","-37,75039"
310400,"","","","","","","","","","","","","","","","","",1,"",1,ARAXA,N,"-19,59133","-46,94001"
320340,"","","","","","","","","","","","","","","","","","",1,1,MIMOSO DO SUL,N,"-21,06537","-41,36443"
311860,"","","","","","","","","","","","","","","","","","",1,1,CONTAGEM,N,"-19,94345","-44,06634"
312620,"","","","","","","","","","","","","","","","","",1,"",1,FORMOSO,N,"-14,95174","-46,23998"
330620,"","","","",1,"","","","","",1,"","","","","","","","",2,VASSOURAS,N,"-22,40901","-43,66387"
354340,"",1,"","","","","","","",1,"","","","","","","","","",2,RIBEIRAO PRETO,N,"-21,18483","-47,80548"
260110,"","","","","","","","","","","","","","","","","","",1,1,ARARIPINA,S,"-7,57814","-40,50246"
355620,"",1,"","","","","","","","","","","","","","","","","",1,VALINHOS,N,"-22,97124","-46,99663"
260020,"","","","","","","","","","","","","","","","","","",1,1,AFRANIO,S,"-8,51109","-41,00580"
350950,"",7,"","","","","","","","",2,"","","","","",1,"","",10,CAMPINAS,N,"-22,90734","-47,06016"
291020,1,3,"",1,1,"","","","",1,"","","","","","","",1,"",8,DOM MACEDO COSTA,N,"-12,91149","-39,18809"
351060,"","","","",1,"","","","","","","","","","","","","","",1,CARAPICUIBA,N,"-23,53525","-46,84145"
355220,"",1,"","",2,"","","","","","","","","","","","","","",3,SOROCABA,N,"-23,49932","-47,45785"
320280,"","","","","","","","","",1,"","","","","","","","","",1,ITAPEMIRIM,N,"-21,01110","-40,83615"
352590,"","","","",1,"","","","","","","","","","","","","","",1,JUNDIAI,N,"-23,18767","-46,88527"
521800,"","","",1,"","","","","","","","","","","","","","","",1,PORANGATU,N,"-13,44219","-49,14623"
310170,"","","","","","","","","","","","","","","","","",1,"",1,ALMENARA,S,"-16,18062","-40,69765"
314430,"","","","",1,"","","","","","","","","","","","","","",1,NANUQUE,N,"-17,83899","-40,35174"
150730,"","","","","","","","","","","","","","","","","","",1,1,SAO FELIX DO XINGU,S,"-6,64248","-51,99378"
240810,"","","","",1,"","","","","","","","","","","","","","",1,NATAL,N,"-5,75090","-35,25225"
290265,"","","","","","","","","","","","","","","","","",5,4,9,BANZAE,S,"-10,57409","-38,61187"
220290,"","","","","","","","","","","","","","","","","","",1,1,CORRENTE,N,"-10,44094","-45,16331"
280580,"","","","","","","","","","","","","","","","","",1,"",1,RIACHAO DO DANTAS,S,"-11,06640","-37,72934"
260140,"","","","",1,"","","","","","","","","","","","","","",1,BARREIROS,N,"-8,81414","-35,19909"
250750,"",1,"","","","","","","","","","","","","","","","","",1,JOAO PESSOA,N,"-7,14938","-34,87338"
410690,"","",2,"","","","","","","","","","","","","","","","",2,CURITIBA,N,"-25,43296","-49,27185"
353440,1,"","","","","","","","","","","","","","","","","","",1,OSASCO,N,"-23,53361","-46,78881"
411850,"","","","",1,"","","","","","","","","","","","","","",1,PATO BRANCO,N,"-26,22996","-52,67736"
352390,1,"","","","","","","","","","","","","","","","","","",1,ITU,N,"-23,26544","-47,29975"
210300,"","","","","","","","","","","","","","","","","","",1,1,CAXIAS,N,"-4,86167","-43,35854"
292740,1193,4583,132,823,3976,102,519,1,"",1818,1115,117,147,572,52,487,311,671,2753,19372,SALVADOR,N,"-13,01477","-38,48806"
291072,28,76,9,53,249,4,10,"","",87,35,3,3,11,1,24,2,18,178,791,EUNAPOLIS,N,"-16,37517","-39,58417"
291370,8,7,1,14,23,1,1,"","",7,4,1,"",4,1,3,"",52,34,161,INHAMBUPE,S,"-11,78913","-38,35402"
291980,4,14,2,22,46,1,2,"","",13,12,"","",4,"","",2,61,16,199,MACAUBAS,N,"-13,02367","-42,69467"
291080,234,658,27,252,790,24,83,"",2,353,213,24,14,114,10,169,50,708,795,4520,FEIRA DE SANTANA,N,"-12,22928","-38,96003"
291070,12,18,1,25,59,"",4,"","",13,10,4,1,6,"",10,"",119,56,338,EUCLIDES DA CUNHA,N,"-10,50582","-39,01425"
292895,1,6,"",5,12,2,"","","",2,1,"","",2,"","","",2,3,36,SAO DOMINGOS,S,"-11,46347","-39,52626"
292720,6,16,1,14,77,5,3,"","",12,10,1,"",5,"",1,"",46,22,219,RUY BARBOSA,S,"-12,28932","-40,50037"
290550,2,10,"",7,22,"",1,"","",4,1,1,"",2,"",2,1,4,6,63,CALDEIRAO GRANDE,S,"-11,02216","-40,30737"
292700,7,18,1,8,52,6,4,"","",13,3,"","",2,"",1,"",37,44,196,RIO REAL,S,"-11,48494","-37,93358"
290475,1,7,"",10,28,"","","","",2,"","","",1,"","",1,3,6,59,BURITIRAMA,S,"-10,71179","-43,63138"
292240,2,12,"",12,24,4,3,"","",18,6,1,"","",1,2,"",15,15,115,MUTUIPE,N,"-13,22937","-39,50416"
292060,7,14,"",11,61,3,3,"","",9,8,"","",2,"",1,"",14,32,165,MARAGOGIPE,N,"-12,77512","-38,91888"
292370,6,3,"",4,16,2,1,"","",10,1,"","",1,"",7,1,83,14,149,PARATINGA,S,"-12,69070","-43,18203"
292870,79,95,10,117,332,17,21,"","",83,59,8,5,19,1,26,6,59,178,1115,SANTO ANTONIO DE JESUS,N,"-12,96801","-39,26113"
293180,1,7,"",6,19,"","","","",11,8,"","","","","","",46,9,107,TREMEDAL,S,"-14,97247","-41,40958"
290360,2,6,"",8,22,2,"","","",1,1,"",1,1,"","","",15,11,70,BIRITINGA,S,"-11,62011","-38,81216"
292860,10,23,3,31,61,1,"","","",17,8,1,"",10,"",1,1,44,42,253,SANTO AMARO,N,"-12,54914","-38,70903"
291230,2,14,1,10,14,"",2,"","",6,2,"","",1,"","","",6,10,68,IBICUI,N,"-14,84309","-39,98983"
290760,1,15,"",4,15,2,2,"","",3,2,"",1,1,"","","",13,12,71,CENTRAL,S,"-11,13799","-42,11235"
290410,3,20,3,13,23,2,4,"","",7,4,"","",2,"","","",12,4,97,BOQUIRA,S,"-12,82082","-42,73012"
290160,4,9,3,9,26,6,1,"","",8,5,"","",2,"",10,1,25,10,119,ANTAS,N,"-10,41270","-38,33104"
291440,9,16,17,17,41,3,3,"","",7,12,"","",7,"",6,1,5,13,157,IRAQUARA,S,"-12,24350","-41,61796"
293245,1,"","",1,3,"","","","","","","","","","","","",18,1,24,UMBURANAS,S,"-10,72927","-41,33291"
290300,"",12,"",6,32,2,3,"","",8,"","",1,3,"","","","",6,73,BARRA DO MENDES,S,"-11,80883","-42,05913"
291450,3,12,"",9,31,1,1,"","",12,5,2,"",1,"",1,"",64,23,165,IRARA,N,"-12,03370","-38,77165"
172100,"",4,"","",1,"","","","","","","","","","","","","","",5,PALMAS,N,"-10,16325","-48,35104"
292010,8,13,1,18,41,4,2,"","",15,9,2,1,5,"",1,"",7,16,143,MAIRI,S,"-11,71111","-40,14978"
291570,"",3,"",5,14,2,"","","",1,"","","","","","","",10,1,36,ITAMARI,N,"-13,77484","-39,67635"
291800,57,112,16,113,282,7,14,"","",107,85,4,2,34,4,47,11,277,220,1392,JEQUIE,N,"-13,85566","-40,08861"
292050,2,7,2,12,47,2,"","","",10,4,1,"",1,"",2,"",36,17,143,MARACAS,S,"-13,43767","-40,43129"
292630,8,27,1,10,38,1,2,"","",10,3,5,"",3,"",1,"",34,27,170,RIACHAO DO JACUIPE,N,"-11,80598","-39,38304"
291030,"",9,1,11,14,1,"","","",3,1,"","",2,"","","",2,4,48,ELISIO MEDRADO,S,"-12,94333","-39,52049"
291430,"",3,"",2,14,2,1,"","",2,1,"","","","",1,"",20,4,50,IRAMAIA,S,"-13,29365","-40,96958"
291680,1,1,1,4,10,"","","","",5,1,"",1,"","","","",24,7,55,ITARANTIM,S,"-15,65783","-40,06155"
290800,1,11,"",12,42,"",1,"","",26,5,"","",2,"","",1,35,17,153,COARACI,N,"-14,63681","-39,55230"
290080,4,17,"",4,25,5,1,"","",8,3,"","","","","","",9,27,103,ALCOBACA,N,"-17,51893","-39,19421"
293170,4,5,"",3,16,1,1,"","",2,"","","",1,"","","",11,5,49,TERRA NOVA,N,"-12,40309","-38,62310"
292680,"",7,"",5,16,1,"","","",5,1,"",1,"","","",1,6,6,49,RIO DO ANTONIO,N,"-14,40851","-42,07506"
290930,1,3,1,8,17,1,1,"","",7,7,"","",1,1,5,"",57,31,141,CORRENTINA,S,"-13,34177","-44,64109"
292020,2,5,"",3,14,"","","","",2,2,"","",1,1,2,"",19,5,56,MALHADA,N,"-14,34038","-43,77162"
290520,11,31,1,16,63,1,1,"","",23,15,2,1,6,"",6,2,50,32,261,CAETITE,N,"-14,06675","-42,48571"
293040,3,5,"",3,14,2,1,"","",9,1,"","",1,"","","",39,22,100,SERRA PRETA,S,"-12,15973","-39,33250"
291200,1,14,1,8,13,"","","","",5,3,1,"",1,"","","",6,8,61,IBIASSUCE,S,"-14,27670","-42,25577"
291300,5,5,"",3,21,1,1,"","",10,2,"",1,1,"","","",47,11,108,IBITIARA,S,"-12,64551","-42,21329"
292730,3,4,1,7,17,1,"","","",2,1,1,"",1,"","","",8,7,53,SALINAS DA MARGARIDA,N,"-12,87800","-38,75794"
291280,1,5,"",3,14,"","","","",3,5,"","",2,"","","",4,2,39,IBIRAPUA,N,"-17,68420","-40,10631"
291130,1,4,"",3,16,1,1,"","","",1,"",1,"","",1,"",11,6,46,GENTIO DO OURO,N,"-11,42753","-42,50474"
293100,1,9,"",8,13,1,5,"","",9,"","","",4,"",1,"",10,8,69,TANHACU,N,"-14,02551","-41,25433"
292330,"",2,1,2,7,"","","","",8,2,"","","","","","",18,4,44,OURICANGAS,N,"-12,00685","-38,62842"
290820,1,10,"",16,19,4,"","","",2,4,"","","","","","",10,20,86,CONCEICAO DA FEIRA,N,"-12,50399","-38,99978"
290685,1,8,"",3,13,"","","","",3,2,"","","","","","",12,9,51,CAPELA DO ALTO ALEGRE,S,"-11,67008","-39,83536"
292480,2,19,2,22,33,1,4,"","",3,4,"","",1,"",1,1,18,16,127,PIRITIBA,S,"-11,73723","-40,55133"
520800,"","","","",1,"","","","","","","","","","","","","",1,2,FORMOSA,N,"-15,54094","-47,33582"
290010,2,5,"",7,20,1,2,"","",8,8,"","",2,"","","",2,"",57,ABAIRA,S,"-13,25353","-41,66161"
290230,2,3,"","",4,"","","","","",1,"","","","","","",2,5,17,ARATUIPE,N,"-13,08060","-39,00291"
290687,3,23,1,23,92,1,2,"","",14,11,2,2,3,"",5,"",33,28,243,CAPIM GROSSO,S,"-11,38157","-40,01100"
330452,"","","","","","","","","","","","","","","","","","",1,1,RIO DAS OSTRAS,N,"-22,52394","-41,93697"
293310,"",1,"",3,5,"",1,"","",1,1,"","",1,"","","",17,1,31,VARZEA DO POCO,S,"-11,52398","-40,31892"
292760,2,4,"",5,3,1,"","","","",1,"",2,"","","","","",12,30,SANTA BRIGIDA,S,"-9,73189","-38,12782"
291670,4,4,"",4,10,"",1,"","",2,2,"","","","","","",13,4,44,ITAQUARA,S,"-13,44641","-39,93824"
290400,4,1,1,5,15,"","","","","",2,"","","","","",1,36,3,68,BONINAL,S,"-12,71512","-41,82433"
292290,3,4,"",4,20,"","","","",3,2,"","",5,"",5,"",97,26,169,NOVA SOURE,S,"-11,23801","-38,48461"
293150,2,11,1,5,14,3,5,"","",4,4,"","",1,"",2,"",28,13,93,TEOFILANDIA,N,"-11,48292","-39,00581"
292620,4,3,"","",8,1,"","","",1,"","","","","","","",35,26,78,RIACHAO DAS NEVES,S,"-11,74625","-44,91647"
291345,2,3,"",8,6,"","","","",4,"","","",2,"","","",3,14,42,IGRAPIUNA,S,"-13,82040","-39,14008"
290470,3,5,"",4,17,1,2,"","",1,1,"","","","","","",14,18,66,BUERAREMA,N,"-14,95644","-39,30252"
291500,1,3,"",8,10,1,"","","",4,1,"","","","",1,"",16,12,57,ITAETE,S,"-12,98203","-40,96342"
291490,"",4,"",8,20,2,"","","",4,"","","",1,"",2,"",9,16,66,ITACARE,N,"-14,27825","-38,99484"
291960,3,5,"",5,16,2,"","","",2,2,"","",1,"",2,1,33,10,82,MACAJUBA,S,"-12,14139","-40,36518"
290590,2,8,"",14,29,3,1,"","",3,"","","",2,"","",1,17,6,86,CAMPO ALEGRE DE LOURDES,N,"-9,51715","-43,01230"
293105,"",16,1,7,15,1,"","","",8,5,"","","","",1,"",21,6,81,TANQUE NOVO,N,"-13,54656","-42,49061"
291510,2,8,"",8,34,4,1,"","",7,"","","",1,"","","",5,4,74,ITAGI,S,"-14,16179","-40,01362"
270030,"","","","","","","","","","",1,"","","","","","","",2,3,ARAPIRACA,N,"-9,75591","-36,65730"
290710,1,9,"",6,22,4,"","","",3,3,"","","","",2,1,38,13,102,CARINHANHA,S,"-14,30201","-43,76178"
293190,5,9,"",11,28,1,4,"","",21,7,"",1,10,"",3,"",107,22,229,TUCANO,N,"-10,96430","-38,78595"
292350,"","","","",2,"",1,"","",1,"","","","","","","",14,6,24,PALMEIRAS,S,"-12,51007","-41,57734"
292950,4,21,2,12,55,1,2,"","",7,6,1,"",3,"","","",11,70,195,SAO SEBASTIAO DO PASSE,N,"-12,51272","-38,49531"
291990,"",4,"",3,9,1,"","","",7,"",1,3,1,"",1,1,1,3,35,MACURURE,S,"-9,17471","-39,05952"
290240,4,6,2,2,16,2,"","","",5,1,"","","","",1,"",23,12,74,AURELINO LEAL,N,"-14,31695","-39,32200"
291240,4,14,1,8,22,2,6,"","",3,1,"","","","","",1,2,10,74,IBIPEBA,S,"-11,63753","-42,01125"
291320,4,15,1,8,60,"",2,"","",9,14,1,"",3,"",11,"",19,33,180,IBOTIRAMA,N,"-12,18401","-43,21870"
292145,"",2,"",3,10,"","","","","","","","","","","","",5,3,23,MIRANTE,S,"-14,23982","-40,77357"
292790,4,5,"",11,22,2,2,"","",10,4,"",1,3,"",1,"",22,10,97,SANTA INES,S,"-13,29869","-39,82761"
260600,"",1,"","",3,"","","","","","","","","","","","","","",4,GARANHUNS,N,"-8,88891","-36,49305"
290330,2,2,"",4,16,1,"","","",2,1,"","","","","","",4,5,37,BARRO PRETO,N,"-14,80975","-39,47333"
280540,"","","","",1,"","","","","","","","","","","","","",2,3,POCO REDONDO,S,"-9,80579","-37,68421"
291270,"",5,1,4,13,"","","","",2,4,"","","","","",1,44,35,109,IBIRAPITANGA,N,"-14,16503","-39,37447"
520110,"",1,"","","","","","","","","","","",1,"","","","","",2,ANAPOLIS,N,"-16,32883","-48,95722"
291290,1,20,1,37,41,1,2,"","",9,6,"","",1,"","","",24,6,149,IBIRATAIA,N,"-14,06727","-39,64092"
292937,"",3,"",1,9,1,"","","",1,1,"","","","","","",4,11,31,SAO JOSE DO JACUIPE,S,"-11,50533","-40,02366"
293210,11,5,"",9,31,"",1,"","",10,8,1,"",1,"",4,"",14,11,106,UBAIRA,S,"-13,26809","-39,66203"
290170,"","","","",4,"","","","",1,1,"","","","","","",15,5,26,ANTONIO CARDOSO,S,"-12,43484","-39,11866"
292980,1,4,"",5,25,2,1,"","",2,1,1,"","","",1,"",1,5,49,SAUDE,S,"-10,94111","-40,41855"
313510,"","","","","","","","","","",1,"","","","","","","",1,2,JANAUBA,S,"-15,79903","-43,30768"
291630,"",2,1,5,23,"",1,"","",4,3,"","","","",2,"",10,19,70,ITAPEBI,N,"-15,97217","-39,52854"
520140,"",1,"","",1,"","","","","","","","","","","","","",1,3,APARECIDA DE GOIANIA,N,"-16,82215","-49,24333"
291040,3,9,2,11,26,3,4,"","",8,10,"",1,1,"","",1,10,15,104,ENCRUZILHADA,S,"-15,53458","-40,90912"
290380,2,4,"",2,20,"",1,"","",5,1,1,"",2,"",2,"",25,10,75,BOA VISTA DO TUPIM,S,"-12,66132","-40,60574"
510263,"","","","","","","","","","","","","","","","","","",1,1,CAMPO NOVO DO PARECIS,N,"-13,65473","-57,88855"
310560,"","","","","","","","","","","","","","","","","","",1,1,BARBACENA,N,"-21,22492","-43,77619"
291410,1,7,"",12,13,2,4,"","",7,3,"","",1,"","","","",6,56,IPUPIARA,S,"-11,82883","-42,61069"
230190,"","","","","","","","","",1,"","","","","","","","","",1,BARBALHA,S,"-7,30717","-39,30232"
280140,"","","","",1,"","","","","","","","","","","","","",1,2,CARIRA,S,"-10,35802","-37,70192"
291060,11,16,2,15,39,1,3,"","",17,7,2,1,6,2,2,"",25,38,187,ESPLANADA,S,"-11,79941","-37,94498"
280620,"",1,"","","","","","","","","","","","","","","","","",1,SALGADO,N,"-11,02212","-37,47776"
313220,"","","","","","","","","","","","","","","","","","",1,1,ITAGUARA,N,"-20,39068","-44,48678"
314630,"","","","","","","","","","","","","","","","","","",1,1,PADRE PARAISO,N,"-17,07632","-41,48496"
353870,"",1,"","",1,"","","","","","","","","","","","","","",2,PIRACICABA,N,"-22,72372","-47,64685"
292925,1,8,"",9,24,3,4,"","",3,1,"","","","",1,"",1,12,67,SAO GABRIEL,S,"-11,22671","-41,87427"
316970,"","","","","","","","","","","","","","","","","","",1,1,TURMALINA,N,"-17,28641","-42,73041"
320320,1,3,"",1,4,"","","","","",3,"","","","","",1,"",1,14,LINHARES,N,"-19,39811","-40,06531"
290670,4,13,1,10,30,1,"",1,"",10,9,4,1,"","",2,"",40,13,139,CANDIDO SALES,S,"-15,50607","-41,24112"
291125,"",1,"","","","","","","","","","","","","","","",5,7,13,GAVIAO,S,"-11,47090","-39,78611"
293110,"",3,"",7,5,"","","","","",1,"","",1,"","","",11,2,30,TANQUINHO,S,"-11,97169","-39,10055"
292335,"",4,"",2,19,"","","","","",3,"","","","","","",14,15,57,OUROLANDIA,N,"-10,96462","-41,08181"
291810,11,34,1,17,73,3,3,"","",9,8,1,1,1,"",1,"",7,20,190,JEREMOABO,S,"-10,06224","-38,35182"
293200,6,7,"",2,16,"","","","",13,4,"","","","",2,"",64,12,126,UAUA,S,"-9,83265","-39,48806"
291075,4,10,1,3,17,2,2,"","",7,"","","",1,"",1,"",25,8,81,FATIMA,S,"-10,60017","-38,20867"
260875,"","","","","","","","","","","","","","","","","","",2,2,LAGOA GRANDE,S,"-8,99505","-40,27073"
261390,1,"","","","","","","","",1,1,"","","","","","","","",3,SERRA TALHADA,S,"-7,98800","-38,29631"
221100,"",2,"","",3,"","","","","","","","","","","",1,"",4,10,TERESINA,N,"-5,08634","-42,80527"
291860,3,6,1,2,14,1,1,"","",3,3,"","",4,"","","","",4,42,JUSSIAPE,S,"-13,51295","-41,59014"
410980,"","","","","","","","","",1,"","","","","","","","","",1,IBIPORA,N,"-23,26933","-51,05803"
330420,"","","","","","","","","",1,"","","","","","","","","",1,RESENDE,N,"-22,47118","-44,44361"
320360,"","","","","","","","","","","","","","","","","","",1,1,MUCURICI,S,"-18,09724","-40,51793"
355280,"","","","",1,"","","","","","","","","","","","","","",1,TABOAO DA SERRA,N,"-23,62333","-46,78578"
314870,"","","","","","","","","","",1,"","","","","","","",1,2,PEDRA AZUL,S,"-16,00592","-41,28175"
421800,"","","","","","","","","","","","","","","","","","",1,1,TIJUCAS,N,"-27,23945","-48,63207"
230830,"",1,"","","","","","","","","","","","","","","","","",1,MILAGRES,N,"-7,31043","-38,94316"
354160,"",1,"","",1,"","","","","","","","","","","","","","",2,PROMISSAO,N,"-21,53887","-49,85774"
316720,"","","","",1,"","","","","","","","","","","","","",2,3,SETE LAGOAS,N,"-19,45829","-44,23959"
312890,"","","","","","","","","","","","","","","","","",1,"",1,GUIMARANIA,N,"-18,83802","-46,79727"
280067,"","","","","","",1,"","",1,"","","","","","","","","",2,BOQUIM,S,"-11,14639","-37,62357"
352400,"","","",1,"","","","","","","","","","","","","","","",1,ITUPEVA,N,"-23,15341","-47,05570"
320150,"",2,"",1,3,"","","","",1,"","","","","",1,"","","",8,COLATINA,N,"-19,53627","-40,63032"
280480,"","","",1,"","","","","",1,"","","","","","","","","",2,NOSSA SENHORA DO SOCORRO,N,"-10,84875","-37,12850"
220920,"","","","","","","","","","","","","","","","","","",1,1,SANTA FILOMENA,N,"-9,10680","-45,92056"
330240,"","","","","","","","","","","","","","","","","","",2,2,MACAE,N,"-22,36870","-41,77506"
292045,"","","",1,2,1,"","","",2,"","","","","","","","",2,8,MANSIDAO,S,"-10,71583","-44,03649"
210530,1,"","","","","","","","","","","","","","","","","","",1,IMPERATRIZ,N,"-5,52652","-47,47981"
352044,"","","","","","","","","",1,"","","","","","","","","",1,ILHA SOLTEIRA,N,"-20,42937","-51,34489"
270770,"","","","","","","","","","","","","","","","","","",1,1,RIO LARGO,N,"-9,48616","-35,85242"
280120,"","","","","","","","","","","","","","","","","","",1,1,CANINDE DE SAO FRANCISCO,N,"-9,65410","-37,78796"
280670,"","","","",1,"","","","","","","","","","","","","","",1,SAO CRISTOVAO,N,"-11,01368","-37,20950"
320245,"","","","","","","","","","","","","","","","","","",1,1,IBATIBA,N,"-20,23402","-41,50721"
251530,"","","","","","","","","","","","","","","","","","",1,1,SAPE,N,"-7,08711","-35,23043"
350410,"","","","","","","","","",1,"","","","","","","","","",1,ATIBAIA,N,"-23,11631","-46,55506"
353150,"","","","","","","","","","","","","","","","","","",1,1,MONTE AZUL PAULISTA,N,"-20,90384","-48,64297"
150795,"","","","","","","","","","","","","","","","","","",1,1,TAILANDIA,S,"-2,93708","-48,95128"
220740,"","","","","","","","","","","","","","","","","","",1,1,PALMEIRA DO PIAUI,N,"-8,72950","-44,23257"
260160,"","","","",2,"","","","","","","","","","","","","","",2,BELEM DO SAO FRANCISCO,S,"-8,75146","-38,96160"
220665,"","","","","","","","","","","","","","","","","","",1,1,MORRO CABECA NO TEMPO,N,"-9,71932","-43,90187"
354870,"","","","",1,"","","","",1,"","","","","","","","","",2,SAO BERNARDO DO CAMPO,N,"-23,71030","-46,55026"
521090,"","","","",1,"","","","","","","","","","","","","","",1,ITAPACI,N,"-14,95040","-49,55416"
312410,"","","","","","","","","","","","","","","","","","",1,1,ESMERALDAS,N,"-19,75920","-44,31481"
290100,5,25,2,39,56,3,7,"","",21,16,3,1,7,"",9,"",32,17,243,AMARGOSA,S,"-13,03445","-39,59812"
293010,27,38,3,48,156,5,5,"","",24,36,2,1,1,"",12,1,152,39,550,SENHOR DO BONFIM,S,"-10,45677","-40,18998"
293135,46,188,9,68,243,9,13,"","",96,69,7,5,28,3,22,8,137,213,1164,TEIXEIRA DE FREITAS,N,"-17,53775","-39,74452"
290850,6,21,"",16,43,3,3,"","",11,8,"","",3,"","","",28,39,181,CONCEICAO DO JACUIPE,N,"-12,32295","-38,76367"
291920,59,102,16,94,269,11,31,"","",120,49,7,5,27,1,12,5,48,235,1091,LAURO DE FREITAS,N,"-12,89672","-38,32346"
292640,3,17,2,2,20,"",4,"","",14,4,1,"",2,"",3,"",79,14,165,RIACHO DE SANTANA,S,"-13,60659","-42,93835"
293330,112,461,25,173,684,28,51,"","",236,204,27,12,77,6,108,44,298,463,3009,VITORIA DA CONQUISTA,N,"-14,84800","-40,83981"
291520,"",5,"",5,3,"","","","",1,"","","","","","","",15,5,34,ITAGIBA,N,"-14,28651","-39,84852"
292920,6,18,4,18,42,1,3,"","",9,5,"","",3,"",5,3,7,16,140,SAO FRANCISCO DO CONDE,N,"-12,62998","-38,67580"
291760,4,27,3,37,42,5,2,"","",10,8,"","",4,"",11,1,112,20,286,JAGUAQUARA,N,"-13,53070","-39,97026"
290370,"",4,"",12,23,"",1,"","",3,3,"","","","","","",8,9,63,BOA NOVA,S,"-14,36261","-40,20052"
291460,52,92,11,62,238,13,16,"","",111,96,8,4,45,3,79,6,3,149,988,IRECE,N,"-11,30338","-41,85886"
292930,4,5,"",14,25,2,5,"","",9,5,"","",2,"","","",36,17,124,SAO GONCALO DOS CAMPOS,N,"-12,43031","-38,94977"
290730,7,7,2,9,29,1,3,"","",5,8,"","",1,"","","",49,15,136,CASTRO ALVES,S,"-12,76583","-39,42652"
290830,10,11,"",11,26,1,2,"","",4,2,"","",5,"","","",6,16,94,CONCEICAO DO ALMEIDA,N,"-12,77802","-39,17095"
290980,23,45,1,39,84,6,8,"","",19,10,2,"",8,"",9,3,35,45,337,CRUZ DAS ALMAS,N,"-12,66379","-39,10074"
292580,3,3,1,12,17,1,"","","",4,4,"","",1,"",2,1,63,13,125,QUEIMADAS,S,"-10,97639","-39,62641"
291580,1,4,1,3,23,6,1,"","",7,4,"","","","",4,"",75,22,151,ITAMBE,S,"-15,24802","-40,62404"
292210,5,6,"",5,17,"",1,"","",6,3,"","",3,"",1,"",59,17,123,MUNDO NOVO,S,"-11,86472","-40,47150"
292975,"","","",1,4,"",1,"","","","","","","","","","",8,21,35,SAUBARA,N,"-12,73690","-38,77061"
292800,6,21,"",13,49,"",2,"","",15,5,1,"",9,"",3,"",45,20,189,SANTALUZ,N,"-11,25336","-39,37738"
291820,"",6,"",12,14,2,3,"","",2,1,"","",2,"",1,"",7,10,60,JIQUIRICA,S,"-13,25231","-39,57650"
291955,5,14,1,1,31,"",2,"","",7,3,"","",1,2,11,"",19,83,180,LUIS EDUARDO MAGALHAES,N,"-12,07837","-45,80046"
291560,13,35,9,32,90,5,6,"","",27,16,"",2,7,1,10,1,51,73,378,ITAMARAJU,N,"-17,04234","-39,53304"
293317,"",4,"",5,11,"",1,"","","","","","","","","",1,4,2,28,VARZEDO,S,"-12,97531","-39,39348"
292200,8,12,1,14,46,2,"","","",3,9,"","",1,"","",1,24,33,154,MUCURI,N,"-18,08854","-39,54755"
292610,2,7,1,4,14,"",2,"","",1,2,"","",1,"","","",9,5,48,RETIROLANDIA,N,"-11,48967","-39,42418"
293305,4,9,1,5,8,2,1,"","","",1,"","","","","","",8,13,52,VARZEA DA ROCA,S,"-11,59899","-40,14064"
350550,"",15,"","","","","","","","","","","","","","","","","",15,BARRETOS,N,"-20,55846","-48,56738"
292600,15,14,2,14,54,5,5,"","",20,6,"","",4,"",2,"",24,23,188,REMANSO,S,"-9,62391","-42,07967"
291390,18,34,5,32,85,6,2,"","",19,24,1,"",2,"",11,3,101,38,381,IPIAU,N,"-14,13747","-39,73565"
291190,4,19,1,14,41,2,3,"","",6,2,"",1,"","",3,"",13,34,143,IACU,S,"-12,76914","-40,21337"
291310,3,10,"",10,27,6,1,"","",2,1,"","","","","","",7,12,79,IBITITA,S,"-11,55277","-41,97515"
292360,8,24,5,20,67,2,7,"","",26,15,"",1,5,"",11,"",15,13,219,PARAMIRIM,S,"-13,44243","-42,24065"
291700,3,17,1,21,55,"",1,"","",11,8,1,1,1,"",2,"",22,20,164,ITIUBA,S,"-10,69190","-39,85328"
290682,2,7,"",1,3,"",1,"","",5,2,"","",3,"","","",37,7,68,CANUDOS,N,"-9,89067","-39,02407"
292170,11,26,1,18,55,1,2,"","",10,5,"","","","","",1,8,25,163,MORRO DO CHAPEU,S,"-11,55013","-41,15910"
292180,2,4,"",1,7,"","","","",11,2,"","",1,"",1,"",23,6,58,MORTUGABA,S,"-15,01641","-42,38045"
292000,1,4,"",5,6,"",1,"","",6,1,"","",1,"","","",5,1,31,MAIQUINIQUE,S,"-15,61977","-40,26052"
291750,29,42,8,53,141,7,6,"","",37,24,"",1,17,2,20,3,103,88,581,JACOBINA,S,"-11,18506","-40,51302"
291905,2,9,"","",10,"","","","",4,1,"","",1,"","","",13,5,45,LAJEDO DO TABOCAL,S,"-13,47252","-40,22523"
291880,2,11,"",11,25,3,"","","",8,4,"","","","","","",16,11,91,LAJE,S,"-13,17965","-39,42755"
292900,15,16,2,34,92,4,1,"","",20,10,1,1,8,"",9,1,10,12,236,SAO FELIX,N,"-12,60571","-38,96872"
291350,3,3,"",5,23,2,"","","",11,5,"","","","","","",64,6,122,IGUAI,S,"-14,75796","-40,09751"
291992,3,10,2,5,20,2,1,"","",10,4,"","",3,"",3,1,11,16,91,MADRE DE DEUS,N,"-12,74031","-38,60277"
292500,5,12,1,7,37,2,1,"","",6,4,1,"","","",4,"",36,24,140,PLANALTO,S,"-14,67017","-40,48464"
293360,4,23,1,22,27,2,1,"","",9,5,1,"",3,"",1,"",66,37,202,XIQUE-XIQUE,S,"-10,82497","-42,72551"
290190,1,3,"",10,20,1,1,"","",4,2,"","","","","","",10,14,66,APORA,S,"-11,65539","-38,08000"
290460,11,63,3,20,78,4,10,"","",49,19,3,1,17,"",2,2,53,48,383,BRUMADO,S,"-14,20544","-41,66707"
280740,"",1,1,4,6,"","","","",4,2,"","",1,"",1,"","",5,25,TOBIAS BARRETO,N,"-11,18433","-37,99900"
292105,"",5,"",3,7,"","","","",1,1,"","",1,"","","",8,3,29,MATINA,S,"-13,91264","-42,84293"
290580,1,8,"",4,19,"",2,"","",4,1,"","","","",2,"",24,38,103,CAMAMU,S,"-13,94708","-39,10057"
291740,4,8,"",2,21,"",3,"","",5,5,1,1,1,"","",2,7,7,67,JACARACI,S,"-14,84919","-42,43061"
290260,3,9,4,16,27,2,2,"","",2,2,1,"",1,"",1,"",35,13,118,BAIXA GRANDE,S,"-11,95936","-40,16686"
290890,"",2,1,2,20,"",1,"","",2,5,"","","","","","",13,20,66,CORACAO DE MARIA,S,"-12,24792","-38,75052"
355030,4,34,"",3,26,1,4,"","",6,6,1,"",3,"","",9,"",3,100,SAO PAULO,N,"-23,56739","-46,57038"
292935,2,"",1,"","","","","","",1,"","","","","","","",23,8,35,SAO JOSE DA VITORIA,N,"-15,07818","-39,33892"
290560,4,20,"",20,70,6,1,"","",26,12,"","",8,"",4,1,55,26,253,CAMACAN,N,"-15,41763","-39,49637"
291850,2,7,1,4,21,1,1,"","",7,3,"","","","",1,"",4,6,58,JUSSARA,N,"-11,05455","-41,97973"
293300,3,19,"",2,29,"",2,"","",21,3,"","",4,"","","",11,16,110,VALENTE,N,"-11,41249","-39,46425"
290950,"",6,"",4,11,"",1,"","","",1,"","","","","","",3,"",26,CRAVOLANDIA,S,"-13,36262","-39,81271"
291550,2,5,"",10,22,4,"","","",12,2,"","",1,"","","",33,24,115,ITAJUIPE,N,"-14,67802","-39,38179"
291400,7,18,"",10,53,1,2,"","",10,11,"",1,3,"","","",146,41,303,IPIRA,N,"-12,16029","-39,74071"
290205,1,3,"",4,11,1,"","","",2,"","","","","",1,"",10,15,48,ARACAS,S,"-12,21520","-38,19829"
291465,4,16,"",16,47,"","","","",7,11,"","","","",4,1,4,65,175,ITABELA,N,"-16,57584","-39,55324"
291210,1,9,2,18,43,"",5,"","",11,6,"","",2,"","","",33,21,151,IBICARAI,N,"-14,86576","-39,59154"
292510,7,31,1,29,72,1,5,"","",19,8,"","",2,"",2,1,81,39,298,POCOES,S,"-14,52232","-40,36513"
292810,7,6,1,6,29,4,2,"","",8,5,1,"",3,"",3,1,84,21,181,SANTA MARIA DA VITORIA,N,"-13,39355","-44,19831"
261160,3,13,2,4,14,"",4,"","",5,5,1,1,"",1,"",4,"",8,65,RECIFE,N,"-8,06276","-34,88894"
290860,"",4,"",2,16,1,1,"","",4,3,"","","","",1,"",24,15,71,CONDE,S,"-11,81343","-37,60698"
290755,"",1,"",4,7,"",1,"","",3,1,"","","","",1,"","",4,22,CATURAMA,N,"-13,32820","-42,29641"
290700,1,3,"",4,9,"","","","",1,2,"","",1,"","","",4,2,27,CARDEAL DA SILVA,S,"-11,94077","-37,94548"
291330,1,1,"",3,6,"","","","",3,1,"","",1,"","","",4,3,23,ICHU,S,"-11,75525","-39,18872"
290120,"",12,"",4,17,"",1,"","",16,3,"",1,1,"",1,"",29,9,94,ANAGE,S,"-14,61133","-41,12711"
291780,2,1,"","",8,"","","","",2,"","","","","",1,"",8,20,42,JAGUARIPE,S,"-13,11506","-38,89142"
292310,1,7,"",7,28,"","","","",9,7,"","","","","",1,57,15,132,OLINDINA,S,"-11,35831","-38,33108"
291077,1,"","","",1,1,"","","","",1,"","","","","","",2,1,7,FEIRA DA MATA,S,"-14,21056","-44,28346"
292940,1,1,1,2,10,2,"","","",3,1,"","","","","","",5,5,31,SAO MIGUEL DAS MATAS,S,"-13,05173","-39,45578"
290490,9,17,3,31,68,1,1,"","",4,6,1,"",3,"",1,1,11,28,185,CACHOEIRA,N,"-12,59621","-38,96940"
291090,"",1,"","",3,"","","","",1,"","","","","","","",9,8,22,FIRMINO ALVES,N,"-14,98494","-39,92144"
292285,"","","","",8,"","","","","",1,"","","","","","",13,1,23,NOVA REDENCAO,N,"-12,81887","-41,06886"
293120,"",6,1,5,14,2,"","","",3,2,"","","","","","",8,15,56,TAPEROA,S,"-13,53099","-39,10062"
290480,1,5,"","",10,"","","","",3,"","","","","","","",9,7,35,CAATIBA,S,"-14,97855","-40,41027"
291180,"",3,"",2,29,1,"","","",2,2,1,"","","","","",1,15,56,GUARATINGA,S,"-16,58122","-39,78128"
320500,"",2,"",2,4,"","","","",2,"",2,"",1,"",1,2,"",3,19,SERRA,N,"-20,15677","-40,27522"
293075,2,4,"",4,12,1,"","","",4,1,"","","","","","",1,11,40,SITIO DO MATO,N,"-13,08579","-43,46644"
291540,1,2,"",3,6,"","","","",3,"",1,"","","","","",5,3,24,ITAJU DO COLONIA,N,"-15,14019","-39,72472"
292405,"",8,"",6,9,"","","","",6,"","","",1,"","",1,10,8,49,PE DE SERRA,S,"-11,83118","-39,60943"
290150,1,7,"",3,10,1,"","","",9,1,"","",2,"","","",11,4,49,ANGUERA,S,"-12,14959","-39,24850"
292520,2,16,1,14,27,1,1,"","",7,5,"","","","",3,1,34,51,163,POJUCA,N,"-12,42926","-38,32717"
292265,3,3,"",2,20,"",2,"","",8,1,"","",1,"",1,"",14,10,65,NORDESTINA,S,"-10,83205","-39,42913"
292450,2,7,"",1,15,"",1,"","",3,"","",1,"","","","",25,5,60,PINDAI,S,"-14,48999","-42,68703"
291995,1,2,"",3,16,"",1,"","",2,1,"","",2,"","","","",2,30,MAETINGA,S,"-14,66127","-41,48366"
293340,2,1,"",2,13,"","","","",2,"","",1,2,"",1,1,13,6,44,WAGNER,N,"-12,28425","-41,16963"
292280,"",1,"","",2,4,"","","",4,1,1,"","","","","",7,7,27,NOVA ITARANA,S,"-13,03305","-40,06925"
293140,1,1,"",4,11,"",1,"","","","","","","","","","",5,5,28,TEODORO SAMPAIO,N,"-12,30141","-38,64193"
291735,4,4,1,3,12,3,"","","",9,1,1,"","","",1,"","",5,44,JABORANDI,S,"-13,62593","-44,46597"
290130,2,9,"",3,10,4,"","","",2,1,"",1,1,"","","",14,10,57,ANDARAI,S,"-12,80135","-41,32464"
292250,15,21,2,33,62,3,1,"","",10,14,"","",3,"",3,"",16,14,197,NAZARE,N,"-13,03515","-39,01062"
292750,3,2,3,22,30,4,1,"","",5,14,"","","","","","",10,14,108,SANTA BARBARA,S,"-11,95690","-38,96614"
293325,1,1,1,1,6,"","","","",4,2,"","","","","","",6,5,27,VEREDA,N,"-17,22393","-40,08448"
292420,2,10,"",2,18,"","","","",1,3,"",1,1,"","","",6,9,53,PEDRO ALEXANDRE,N,"-10,01007","-37,89926"
292550,5,2,2,6,24,"",1,"","",6,2,"","",1,1,"","",36,48,134,PRADO,N,"-17,32956","-39,22924"
292690,1,2,"",2,9,"","","","",3,"","",2,"","",1,"",16,4,40,RIO DO PIRES,S,"-13,11866","-42,28788"
292850,2,7,"",9,20,"","","","",4,1,"","",2,"",1,"",9,8,63,SANTA TERESINHA,S,"-12,77285","-39,52114"
260300,1,"","",1,2,"","","","",2,1,"","","","","","",1,"",8,CABROBO,S,"-8,51511","-39,30984"
290195,"",3,"",3,6,"",1,"","",1,"","","","","","","",7,2,23,APUAREMA,N,"-13,85323","-39,74213"
292575,3,5,"",13,24,1,"","","",7,1,"","",1,"",4,"",34,24,117,PRESIDENTE TANCREDO NEVES,S,"-13,47084","-39,42406"
230440,1,1,"","",2,"","","","","",3,"","","","","","","",1,8,FORTALEZA,N,"-3,72381","-38,58993"
290320,119,114,5,46,297,12,17,"","",195,97,3,2,75,3,88,28,31,282,1414,BARREIRAS,N,"-12,14492","-45,00417"
291470,8,46,4,47,103,1,1,"","",42,18,"",1,19,2,11,2,35,68,408,ITABERABA,N,"-12,53225","-40,30699"
520620,"","","","","","","","","","","","","","","","","",1,1,2,CRISTALINA,N,"-16,76943","-47,60682"
320115,"","","","","","","","","","","","","","","","","","",1,1,BREJETUBA,S,"-20,15703","-41,28968"
240325,"","","","",1,"","","","","","","","","","","","",1,"",2,PARNAMIRIM,N,"-5,91037","-35,25921"
280170,"","","","","","","","","","","","","","","","","","",1,1,CRISTINAPOLIS,S,"-11,47356","-37,75466"
291910,"",1,"","",7,"","","","","","","","","","","","",3,2,13,LAMARAO,S,"-11,79158","-38,89298"
311650,"","","","","","","","","","","","","","","","","","",1,1,CLARO DOS POCOES,N,"-17,07769","-44,20871"
290510,1,3,1,4,11,1,"","","",5,1,"","",1,"","","",14,8,50,CAEM,S,"-11,09309","-40,43731"
312430,"","","","",1,"","","","","","","","","","","","",1,"",2,ESPINOSA,S,"-14,92527","-42,81298"
293080,3,11,1,10,27,"",1,"","",1,6,"","","","",1,"",14,13,88,SOUTO SOARES,S,"-12,09260","-41,64425"
320530,"",15,"","",2,"",1,"","",1,1,"","","","",1,2,1,2,26,VITORIA,N,"-20,32015","-40,32221"
290680,11,22,1,23,71,2,1,"","",15,7,1,1,2,1,6,"",34,27,225,CANSANCAO,S,"-10,66675","-39,49661"
412710,"","","","","","","","","",1,"","","","","","","","","",1,TELEMACO BORBA,N,"-24,32869","-50,62312"
270430,"",1,"","","","","","","","","","","","","","","","","",1,MACEIO,N,"-9,66082","-35,70163"
290323,2,5,1,7,28,"",1,"","","","","","",2,"","","",4,8,58,BARRO ALTO,S,"-11,76106","-41,91210"
291260,"",4,1,1,4,"","","","","","","","","","","","",4,"",14,IBIQUERA,S,"-12,64993","-40,93542"
292465,"",6,"",4,5,2,2,"","",3,2,"","",2,"","","",14,6,46,PINTADAS,S,"-11,80804","-39,90824"
220250,"","","","",1,"","","","","","","","","","","","","","",1,CARACOL,S,"-9,27677","-43,33420"
292490,"",1,"","",5,1,"","","","","","","","","","","",14,2,23,PLANALTINO,S,"-13,25661","-40,36840"
291590,"",1,"","",6,"","","","","","","","","","","","",3,5,15,ITANAGRA,N,"-12,26816","-38,03818"
280410,"","","","","","","","","","","","","","","","","","",1,1,MOITA BONITA,N,"-10,57904","-37,34575"
290140,1,1,"","",7,"","","","","","","","","","","","",30,4,43,ANGICAL,S,"-12,00668","-44,69582"
292710,"",2,"",7,8,"",2,"","",4,3,"",1,"","","","",3,7,37,RODELAS,S,"-8,84500","-38,77231"
280450,"","","","","","","","","",1,"","","","","","","","",1,2,NOSSA SENHORA DA GLORIA,N,"-10,21569","-37,41992"
260960,"","","",1,"","","","","","","","","","","","","","","",1,OLINDA,N,"-7,99266","-34,86131"
520080,"","","","",2,"","","","","","","","","","","","","","",2,ALVORADA DO NORTE,S,"-14,48284","-46,51564"
292040,"",1,"",1,3,1,"","","",1,"","","","","","","",28,7,42,MANOEL VITORINO,S,"-14,14593","-40,24202"
315700,"","","","","","","","","","","","","","","","","",1,1,2,SALINAS,S,"-16,16986","-42,29351"
260990,1,"","","",2,"","","","",2,"","","","","","","","",1,6,OURICURI,S,"-7,88315","-40,08146"
521760,"","","","",1,"","","","","","","","","","","","",1,"",2,PLANALTINA,N,"-15,45311","-47,61485"
314590,"","","","","","","","","","","","","","","","","",1,"",1,OURO BRANCO,N,"-20,52358","-43,69477"
230540,"","","","","","","","","","","","","","","","","","",1,1,ICO,S,"-6,40303","-38,86309"
522045,"",1,"","","","","","","","","","","","","","","","","",1,SENADOR CANEDO,N,"-16,71858","-49,08797"
354100,"","","","",1,"","","","","","","","","","","","","","",1,PRAIA GRANDE,N,"-24,00302","-46,41205"
315460,"","","","","","","","","","","","",1,"","","","","",1,2,RIBEIRAO DAS NEVES,N,"-19,76602","-44,08582"
170700,"","","","","","","","","","","","","","","","","",1,"",1,DIANOPOLIS,N,"-11,62523","-46,82041"
150670,"","","","","","","","","","","","","","","","","",1,"",1,SANTANA DO ARAGUAIA,S,"-9,32942","-50,34480"
280710,"","","","",1,"","","","","","","","",1,"","","",1,3,6,SIMAO DIAS,S,"-10,73806","-37,80943"
522140,"","","","","","","","","","",1,"","","","","","","","",1,TRINDADE,N,"-16,65535","-49,48910"
320130,"",1,"","",3,"","","","","","","","","","","","","","",4,CARIACICA,N,"-20,29468","-40,39056"
290180,"","","","","","","","","","","","","","","","","",29,6,35,ANTONIO GONCALVES,S,"-10,57580","-40,27566"
411990,"","","","","","","","","","","","","","","","","","",1,1,PONTA GROSSA,N,"-25,09255","-50,16144"
351050,1,"","","","","","","","","","","","","","","","","","",1,CARAGUATATUBA,N,"-23,62201","-45,41082"
150295,"","","","","","","","","","","","","","","","","","",1,1,ELDORADO DO CARAJAS,N,"-6,10353","-49,37395"
315980,"","","","","","","","","","","","","","","","","","",1,1,SANTA VITORIA,N,"-18,84395","-50,12347"
311370,"","","","","","","","","","","","","","","","","","",1,1,CARLOS CHAGAS,N,"-17,70333","-40,76740"
521270,"","","","","","","","","","","","","","","","","","",1,1,MAMBAI,N,"-14,48753","-46,11395"
312780,"","","","","","","","","","","","","","","","","","",1,1,GRAO MOGOL,N,"-16,56650","-42,88801"
351030,"","","","","","","","","","","","","","","","","",1,"",1,CAPELA DO ALTO,N,"-23,46990","-47,73612"
314270,"","","",1,"","","","","","","","","","","","","","","",1,MONTALVANIA,S,"-14,42036","-44,36362"
231030,"","","","","","","","","","","","","","","","","","",1,1,PARAMBU,N,"-6,21034","-40,69421"
280360,"","","","","","","","","","","","","","","","","","",1,1,LARANJEIRAS,N,"-10,79703","-37,16057"
313370,"","","","",1,"","","","","","","","","","","","","","",1,ITATIAIUCU,N,"-20,19864","-44,42916"
270160,"","","","","","","","","","","","","","","","","","",2,2,CANAPI,S,"-9,11738","-37,60565"
280550,"","","","",2,"","","","","","","","","","","","","",1,3,POCO VERDE,S,"-10,70760","-38,17666"
260410,"","","","","","","","","","",1,"","","","","","","","",1,CARUARU,N,"-8,28590","-35,96707"
150060,"","","","","","","","","","","","","",1,"","","","","",1,ALTAMIRA,S,"-3,20566","-52,21438"
310670,1,"","","","","","","","","","","","","","","","","",1,2,BETIM,N,"-19,96538","-44,19755"
172125,"","","","","","","","","","","","","","","","","","",1,1,TUPIRAMA,N,"-8,98057","-48,20668"
350750,"","",1,"","","","","","","","","","","","","","","","",1,BOTUCATU,N,"-22,88838","-48,44129"
292400,42,85,4,72,219,6,15,"","",98,36,9,3,31,"",15,2,43,94,774,PAULO AFONSO,N,"-9,40333","-38,21833"
290600,6,25,3,24,76,5,4,"","",24,18,"","",4,"","",2,99,39,329,CAMPO FORMOSO,N,"-10,50566","-40,31882"
293290,17,37,3,89,137,1,1,"","",32,12,1,"",18,"",16,1,127,96,588,VALENCA,N,"-13,37034","-39,07235"
291480,207,476,44,286,708,26,39,"",1,308,170,31,11,102,3,121,20,208,314,3075,ITABUNA,N,"-14,78904","-39,27311"
290570,58,108,3,81,303,15,22,"","",71,56,8,"",23,1,29,7,66,360,1211,CAMACARI,N,"-12,69882","-38,32574"
293260,4,10,"",4,13,"","","","",5,2,"",1,2,"","",1,31,11,84,URANDI,S,"-14,76324","-42,65900"
290780,6,12,"",14,44,4,3,"","",7,8,"","",3,"",1,"",70,18,190,CICERO DANTAS,S,"-10,59217","-38,38342"
291640,30,49,5,49,113,3,4,"","",83,38,"","",25,3,14,5,141,42,604,ITAPETINGA,S,"-15,24617","-40,24738"
290290,3,14,1,8,40,9,3,"","",14,4,2,"",1,"",4,1,50,32,186,BARRA DO CHOCA,S,"-14,86427","-40,57637"
290690,1,8,"",6,16,3,"","","",5,1,"","",1,"","",1,20,11,73,CARAVELAS,N,"-17,73337","-39,25338"
290210,6,16,"",20,29,3,2,"","",13,8,1,1,2,"",3,2,91,31,228,ARACI,S,"-11,33573","-38,96096"
293315,1,1,"",5,17,1,1,"","",4,1,"","",1,"","",1,17,8,58,VARZEA NOVA,S,"-11,25723","-40,94585"
291875,"",5,"",1,8,1,1,"","",4,1,1,2,1,"","","",12,2,39,LAGOA REAL,S,"-14,03003","-42,14571"
291840,63,187,7,69,294,27,24,"","",134,110,8,3,41,1,16,5,196,177,1362,JUAZEIRO,N,"-9,41072","-40,50355"
291610,8,20,5,25,43,3,3,"","",12,11,1,2,3,"",4,"",30,30,200,ITAPARICA,N,"-12,88149","-38,68403"
291170,29,94,11,53,196,21,18,"","",87,65,7,4,26,3,26,14,24,117,795,GUANAMBI,S,"-14,22532","-42,77856"
290270,7,29,2,20,73,7,1,"","",24,21,"",2,5,1,12,4,31,39,278,BARRA,S,"-11,08895","-43,14364"
290840,7,34,1,39,104,5,3,"","",51,15,"","",3,"",4,"",40,52,358,CONCEICAO DO COITE,N,"-11,56183","-39,28168"
292340,2,12,"",7,23,1,4,"","",5,3,"","",1,"",1,"",25,9,93,PALMAS DE MONTE ALTO,S,"-14,25735","-43,17051"
293350,2,6,"",8,6,1,"","","",6,4,"","","","",2,"",16,24,75,WENCESLAU GUIMARAES,N,"-13,68859","-39,47967"
290870,1,14,"",5,25,1,1,"","",9,6,"","",1,"","","",14,14,91,CONDEUBA,S,"-14,89041","-41,97081"
292110,4,27,"",17,70,7,5,"","",16,8,"",1,2,"",2,1,4,21,185,MEDEIROS NETO,N,"-17,37041","-40,22017"
293230,3,9,1,12,19,1,1,"","",10,1,"","",1,"","","",44,23,125,UBATA,N,"-14,21147","-39,52267"
293250,4,13,1,9,30,4,4,"","",11,8,"",1,2,1,"","",2,31,121,UNA,N,"-15,29421","-39,07471"
292990,10,11,"",28,38,1,1,"","",6,15,"","",4,"","",1,108,16,239,SEABRA,N,"-12,41876","-41,76820"
292150,8,8,"",18,34,2,2,"","",9,4,1,1,4,"",1,1,125,27,245,MONTE SANTO,N,"-10,44016","-39,33271"
291085,2,6,"",8,23,1,3,"","",10,2,"","","","","","",26,13,94,FILADELFIA,S,"-10,73846","-40,13783"
290110,2,6,"",8,20,1,"","","",4,2,"","",1,"","","",18,16,78,AMELIA RODRIGUES,N,"-12,40019","-38,75556"
291360,92,173,16,206,376,22,34,"","",146,72,17,7,49,1,42,17,191,192,1653,ILHEUS,N,"-14,79332","-39,04318"
293160,2,3,"",12,15,"","","","",10,1,"","","","",2,"","",9,54,TEOLANDIA,S,"-13,60111","-39,48939"
291770,1,7,3,6,17,1,2,"","",7,7,"","","","",1,"",94,12,158,JAGUARARI,S,"-10,26285","-40,19361"
293130,8,9,"",8,31,3,1,"","",4,5,"","",2,"",1,"",4,12,88,TAPIRAMUTA,N,"-11,85234","-40,78870"
293320,3,11,1,13,42,1,2,"","",3,4,"","",1,"","","",30,51,162,VERA CRUZ,N,"-12,93573","-38,61916"
291950,9,32,"",15,58,1,6,"","",24,14,"",1,4,"",3,"",23,23,213,LIVRAMENTO DE NOSSA SENHORA,N,"-13,64950","-41,84039"
292820,1,6,1,9,29,"",1,"","",11,8,"","",1,"",2,1,9,6,85,SANTANA,S,"-12,98075","-44,05326"
290395,1,4,1,2,23,1,"","","",1,1,"","",2,"","","",28,6,70,BOM JESUS DA SERRA,S,"-14,37292","-40,50118"
292560,1,7,"",12,20,3,"","","",6,3,"","",1,"","","",1,16,70,PRESIDENTE DUTRA,S,"-11,29650","-41,99093"
293345,1,2,"",1,2,"",1,"","","","","","","","","","",26,5,38,WANDERLEY,S,"-12,12015","-43,88893"
293076,"",4,"",9,18,"",4,"","","","","","","","","","",2,11,48,SITIO DO QUINTO,N,"-10,36416","-38,20037"
290610,"",1,"","",7,"","","","","",1,"","","","","","",1,1,11,CANAPOLIS,S,"-13,07591","-44,20503"
261260,"","","","","","","","","",1,"","","","","","","","",3,4,SANTA MARIA DA BOA VISTA,S,"-8,80413","-39,82424"
290630,3,15,"",26,62,5,"","","",10,3,"","",1,"",4,"",34,32,195,CANAVIEIRAS,N,"-15,67978","-38,94738"
292380,2,12,"",5,30,4,2,"","",10,1,1,"",1,"","","",43,11,122,PARIPIRANGA,S,"-10,67599","-37,87045"
291000,"",3,"",2,6,"","","","",7,1,"","",1,"","","",14,3,37,DARIO MEIRA,S,"-14,43505","-39,90247"
261110,35,57,5,27,165,1,8,"",1,29,13,4,3,7,8,99,25,15,121,623,PETROLINA,N,"-9,39738","-40,50000"
291100,1,5,1,4,17,2,1,"","",7,1,"","","","","","",8,13,60,FLORESTA AZUL,N,"-14,86280","-39,65652"
290920,"",5,"",6,11,"",2,"","",3,1,"","","","","","",18,10,56,CORONEL JOAO SA,S,"-10,27940","-37,93296"
320520,"",5,"","",1,"","","","","",1,"","","","",1,2,"",2,12,VILA VELHA,N,"-20,33837","-40,29396"
290770,"",4,"",4,10,"","","","",5,4,"",1,"","","",1,"",5,34,CHORROCHO,S,"-8,97548","-39,10237"
292390,1,1,"",3,16,1,3,"","",2,1,"",1,1,"",1,"",4,9,44,PAU BRASIL,S,"-15,46362","-39,64878"
290060,"","","",2,2,"","","","","","","","","","","","",10,1,15,AIQUARA,N,"-14,12728","-39,88578"
290790,4,5,"",4,9,"",1,"","",3,"","","",1,"",2,"",36,4,69,CIPO,S,"-11,10114","-38,51713"
291150,1,3,"",1,10,"",2,"","",2,1,"","","","",1,"",8,4,33,GONGOGI,N,"-14,32371","-39,46724"
290200,3,8,5,8,27,1,"","","",5,3,1,"",1,"","","",4,10,76,ARACATU,S,"-14,42663","-41,46169"
291890,"",3,"","",8,"",1,"","",1,"","","","","","","",4,2,19,LAJEDAO,N,"-17,61213","-40,34585"
290035,"",1,"",2,8,1,1,"","","",2,"","","","","","",41,5,61,ADUSTINA,S,"-10,52957","-38,11551"
292570,5,2,"",5,22,1,1,"","",7,1,"",1,"","",1,"",13,2,61,PRESIDENTE JANIO QUADROS,S,"-14,68540","-41,68244"
292270,1,6,"","",16,"",1,"","",1,1,"","",2,"",1,1,29,1,60,NOVA CANAA,N,"-14,79360","-40,14517"
292780,1,5,"",14,5,2,"","","",2,"","","","","","","","",1,30,SANTA CRUZ DA VITORIA,N,"-14,96008","-39,81184"
291650,3,11,1,12,26,"",2,"","",8,5,"","","","","",1,16,21,106,ITAPICURU,S,"-11,31095","-38,21861"
292205,2,6,1,3,16,"","","","",4,2,"","",1,"",1,"",5,13,54,MULUNGU DO MORRO,S,"-11,96722","-41,64380"
520870,1,8,"","",5,"",1,"","",1,2,1,"",3,"","",1,"",6,29,GOIANIA,N,"-16,67331","-49,25581"
291110,4,5,"",8,23,2,"","","",4,2,"","",4,"",1,"",3,20,76,FORMOSA DO RIO PRETO,S,"-11,04703","-45,19099"
290720,9,36,1,10,66,11,4,"",1,22,8,1,"",3,"",2,"",29,49,252,CASA NOVA,N,"-9,17859","-40,97580"
292525,4,1,2,2,20,"",1,"","",1,1,"","","","",1,"",26,19,78,PONTO NOVO,S,"-10,86715","-40,13539"
293050,17,37,3,44,97,8,4,"","",37,12,"","",13,"",3,"",122,52,449,SERRINHA,S,"-11,65953","-39,00813"
290660,"",13,"","",17,2,3,"","",3,"","","",1,"",1,"",6,4,50,CANDIBA,S,"-14,41319","-42,86440"
293030,1,11,"",11,32,"","","","",5,1,"",1,1,"","","",1,8,72,SERRA DOURADA,S,"-12,76259","-43,95234"
291790,"",2,"","",13,1,1,"","",1,"",1,"",2,"","","",2,8,31,JANDAIRA,S,"-11,56575","-37,78687"
290220,"",1,"",1,6,"","","","",1,1,"","","","","","",8,6,24,ARAMARI,N,"-12,08818","-38,50307"
290500,3,17,1,11,18,"",1,"","",10,4,"",1,"","",1,1,14,8,90,CACULE,S,"-14,50421","-42,22141"
292300,8,16,"",8,51,3,4,"","",12,11,"","",3,"",5,2,37,36,196,NOVA VICOSA,N,"-17,89339","-39,37201"
290689,"",3,"","",2,"","","","","","","","","","","","",28,6,39,CARAIBAS,S,"-14,72207","-41,26543"
290900,1,5,"",3,9,2,2,"","",4,1,"",1,"","","","",9,4,41,CORDEIROS,S,"-15,03723","-41,93573"
292160,1,1,1,"",9,"",1,"","",2,7,"","",2,"","","",22,4,50,MORPARA,N,"-11,55804","-43,27791"
290810,"",2,"",5,15,"","","","",2,"","","",1,"",5,"",3,6,39,COCOS,S,"-14,17108","-44,54567"
291930,1,1,"",6,2,2,"","","","",2,"","","","",1,"",5,9,29,LENCOIS,N,"-12,56406","-41,39403"
292120,15,22,1,23,44,2,1,"","",12,16,1,"",3,1,1,"",17,14,173,MIGUEL CALMON,S,"-11,42834","-40,59607"
314330,"",4,"",1,3,"",1,"","",1,1,1,"","","","","",1,6,19,MONTES CLAROS,N,"-16,72271","-43,86542"
320517,"",1,"","","","","","","","","","","","","","","","",1,2,VILA VALERIO,N,"-18,99362","-40,39059"
291620,2,2,"",1,20,1,2,"","","",1,1,"","","","","",14,4,48,ITAPE,N,"-14,89481","-39,42996"
315180,"",1,"","","","","","","","","","","","","","","","","",1,POCOS DE CALDAS,N,"-21,78736","-46,56641"
320400,"","","","","","","","","",1,"","","","","","","","","",1,PANCAS,N,"-19,22442","-40,85600"
291855,1,1,1,1,5,1,"","","",2,"","","","","","","",3,5,20,JUSSARI,N,"-15,19046","-39,49494"
270840,"","","","","","","","","","","","","","","","","","",2,2,SAO JOSE DA TAPERA,S,"-9,54940","-37,38371"
280210,1,"","","",3,"","","","",1,2,"","","",1,"","","",4,12,ESTANCIA,N,"-11,26795","-37,44001"
290530,6,7,"",10,22,"",1,"","",4,1,"",1,"","",1,1,10,11,75,CAFARNAUM,S,"-11,69136","-41,47222"
292090,"",4,"","",6,"","","","","","","","","","","","",33,19,62,MASCOTE,S,"-15,56599","-39,30240"
410420,"","","","",1,"","","","","","","","","","","","","","",1,CAMPO LARGO,N,"-25,45949","-49,52884"
290115,2,13,"",8,15,"",3,"","",2,1,"","","","","","",2,9,55,AMERICA DOURADA,S,"-11,44965","-41,43716"
293020,1,3,"",3,8,"",1,"","",7,2,"","",1,"",1,"",41,16,84,SENTO SE,N,"-9,74038","-41,89100"
310900,"","","","","","","","","","","","","","","","","","",1,1,BRUMADINHO,N,"-20,14417","-44,20019"
290970,"",6,"",1,10,"",1,"","",2,1,"",1,"","","","",6,16,44,CRISTOPOLIS,S,"-12,23145","-44,41184"
290050,1,5,"",5,11,1,1,"","",3,"",1,"","","","","",3,2,33,ERICO CARDOSO,S,"-13,42235","-42,13616"
292665,1,2,"","",4,"","","","","","","","","","","","",12,6,25,RIBEIRAO DO LARGO,S,"-15,46406","-40,74386"
290405,4,5,1,5,14,1,"","","",2,1,"","",1,"","","",10,9,53,BONITO,N,"-11,96957","-41,26840"
291050,13,21,"",8,53,2,1,"","",15,5,"","",6,"",1,1,46,51,223,ENTRE RIOS,S,"-11,93726","-38,07878"
292273,1,5,"",1,15,"",1,"","",3,"","","","","","","",6,8,40,NOVA FATIMA,S,"-11,60840","-39,63222"
290250,"",1,"","",3,"","","","","",1,"","","","","","",18,1,24,BAIANOPOLIS,S,"-12,30412","-44,53610"
292230,6,17,"",16,35,2,1,"","",7,4,"","",1,"","",1,7,17,114,MURITIBA,N,"-12,62337","-38,98869"
291900,1,"","","",2,"",1,"","","","","","","","","","",6,1,11,LAJEDINHO,N,"-12,36037","-40,90371"
351300,"",1,"","",1,"","","","",1,"","","","","","","","","",3,COTIA,N,"-23,60351","-46,93185"
290310,"",2,"",2,6,"","","","","","","","","","","","",3,3,16,BARRA DO ROCHA,N,"-14,21003","-39,60139"
315250,"","","","","","","","","","","","","","","","","",1,"",1,POUSO ALEGRE,N,"-22,23030","-45,93714"
292970,"",12,"",10,37,1,"","","",4,7,1,"",1,"","","",14,12,99,SATIRO DIAS,S,"-11,60081","-38,59135"
316930,"","","","","","","","","","","","","","","","","",1,1,2,TRES CORACOES,N,"-21,69597","-45,25494"
521830,"","","","",3,"","","","","","","","","","",1,"","",1,5,POSSE,S,"-14,08773","-46,36201"
280290,5,1,"",1,12,"",1,"","",6,1,"","",2,"",1,"",3,1,34,ITABAIANA,N,"-10,68572","-37,42686"
280350,11,"","",2,17,"",1,"","",14,2,1,"",1,"","","",4,6,59,LAGARTO,N,"-10,91530","-37,66635"
291380,1,4,"","",16,"","","","",3,1,2,"","","","","",19,5,51,IPECAETA,S,"-12,31420","-39,30603"
260290,"","","","",1,"","","","","","","","","","","","","","",1,CABO DE SANTO AGOSTINHO,N,"-8,28986","-35,03849"
354980,1,"","","","","","","","",1,"","","","","","","","","",2,SAO JOSE DO RIO PRETO,N,"-20,81264","-49,38135"
280570,"",1,"","","","","","","","","","","","","","","","","",1,PROPRIA,S,"-10,20821","-36,84210"
291140,"",5,"",2,24,2,2,"","","",2,"",1,"","","","","",14,52,GLORIA,S,"-9,34017","-38,25927"
352530,"",1,"","","","","","","","","","","","","","","",1,"",2,JAU,N,"-22,29579","-48,55814"
290135,"","","","",2,"","","","","","","","",1,"","","",49,7,59,ANDORINHA,S,"-10,34424","-39,83234"
261340,"","","","","","","","","","","","","","","","","","",1,1,SAO JOSE DA COROA GRANDE,N,"-8,89420","-35,14571"
316860,"",2,"",1,"","","","","","","","","","","",1,"",1,1,6,TEOFILO OTONI,N,"-17,86254","-41,50964"
291970,"",5,"","",9,2,1,"","",4,7,"","",1,"",1,"",37,7,74,MACARANI,S,"-15,56732","-40,42204"
313250,"","","","","","","","","","","","","","","","","","",1,1,ITAMARANDIBA,N,"-17,85852","-42,84916"
291530,1,1,"","",4,"","","","",2,2,"","","","","","",21,12,43,ITAGIMIRIM,N,"-16,08814","-39,61519"
110020,"","","","","","","","","","","","","","","","","","",1,1,PORTO VELHO,N,"-8,76889","-63,83145"
522220,"","","","","","","","","","","","","","","","","","",1,1,VILA BOA,S,"-15,03489","-47,05736"
351880,"",2,"","",2,"","","","","","","","","","","",1,"",1,6,GUARULHOS,N,"-23,46851","-46,53108"
260980,"","","","",1,"","","","",1,"","","","","","","","","",2,OROCO,S,"-8,61795","-39,59525"
320305,"","","","","","","","","","","","","","","","","","",1,1,JAGUARE,N,"-18,90044","-40,08614"
270800,1,"","","","","","","","","","","","","","","","","","",1,SANTANA DO IPANEMA,S,"-9,37228","-37,24541"
314675,"","","","","","","","","","","","","","","","","","",2,2,PALMOPOLIS,S,"-16,73447","-40,42040"
280300,"","","","",1,"","","","","","","","","","","","","","",1,ITABAIANINHA,N,"-11,27679","-37,78741"
317040,"","","","","","","","","","","","","","","","","","",2,2,UNAI,N,"-16,35901","-46,89996"
351620,"","","","",1,"","","","","","","","","","","","","","",1,FRANCA,N,"-20,53610","-47,40233"
351630,"","","","",1,"","","","","","","","","","","","","","",1,FRANCISCO MORATO,N,"-23,27583","-46,73253"
350900,"","","","","","","","","","","","","","","","","","",1,1,CAIEIRAS,N,"-23,36212","-46,74410"
270240,"","","","","","","","","","","","","","","","","","",6,6,DELMIRO GOUVEIA,S,"-9,38457","-37,99923"
330130,"",1,"","","","","","","","","","","","","","","","","",1,CASIMIRO DE ABREU,N,"-22,47954","-42,20421"
317020,1,"","","","","","","","","","","","","","","","","",2,3,UBERLANDIA,N,"-18,91900","-48,27795"
270375,"","","","","","","","","","","","","","","","","","",1,1,JEQUIA DA PRAIA,N,"-10,00959","-36,02733"
420540,"","","","","","","","","","","","","","","","","","",1,1,FLORIANOPOLIS,N,"-27,58780","-48,54764"
