"codmunocor","causabas","ano","n","ds_nomepad","in_pobreza","nu_latitud","nu_longit"
290070,"II",2006,80,"ALAGOINHAS","N","-12,13418","-38,42262"
290070,"II",2007,108,"ALAGOINHAS","N","-12,13418","-38,42262"
290070,"II",2008,87,"ALAGOINHAS","N","-12,13418","-38,42262"
290070,"II",2009,108,"ALAGOINHAS","N","-12,13418","-38,42262"
290070,"II",2010,99,"ALAGOINHAS","N","-12,13418","-38,42262"
290070,"II",2011,87,"ALAGOINHAS","N","-12,13418","-38,42262"
290070,"II",2012,95,"ALAGOINHAS","N","-12,13418","-38,42262"
290070,"II",2013,124,"ALAGOINHAS","N","-12,13418","-38,42262"
290070,"II",2014,79,"ALAGOINHAS","N","-12,13418","-38,42262"
290070,"II",2015,91,"ALAGOINHAS","N","-12,13418","-38,42262"
290070,"II",2016,109,"ALAGOINHAS","N","-12,13418","-38,42262"
290070,"II",2017,113,"ALAGOINHAS","N","-12,13418","-38,42262"
290070,"IX",2006,240,"ALAGOINHAS","N","-12,13418","-38,42262"
290070,"IX",2007,322,"ALAGOINHAS","N","-12,13418","-38,42262"
290070,"IX",2008,284,"ALAGOINHAS","N","-12,13418","-38,42262"
290070,"IX",2009,374,"ALAGOINHAS","N","-12,13418","-38,42262"
290070,"IX",2010,316,"ALAGOINHAS","N","-12,13418","-38,42262"
290070,"IX",2011,327,"ALAGOINHAS","N","-12,13418","-38,42262"
290070,"IX",2012,321,"ALAGOINHAS","N","-12,13418","-38,42262"
290070,"IX",2013,289,"ALAGOINHAS","N","-12,13418","-38,42262"
290070,"IX",2014,309,"ALAGOINHAS","N","-12,13418","-38,42262"
290070,"IX",2015,294,"ALAGOINHAS","N","-12,13418","-38,42262"
290070,"IX",2016,358,"ALAGOINHAS","N","-12,13418","-38,42262"
290070,"IX",2017,320,"ALAGOINHAS","N","-12,13418","-38,42262"
290070,"X",2006,77,"ALAGOINHAS","N","-12,13418","-38,42262"
290070,"X",2007,104,"ALAGOINHAS","N","-12,13418","-38,42262"
290070,"X",2008,118,"ALAGOINHAS","N","-12,13418","-38,42262"
290070,"X",2009,104,"ALAGOINHAS","N","-12,13418","-38,42262"
290070,"X",2010,94,"ALAGOINHAS","N","-12,13418","-38,42262"
290070,"X",2011,82,"ALAGOINHAS","N","-12,13418","-38,42262"
290070,"X",2012,94,"ALAGOINHAS","N","-12,13418","-38,42262"
290070,"X",2013,96,"ALAGOINHAS","N","-12,13418","-38,42262"
290070,"X",2014,61,"ALAGOINHAS","N","-12,13418","-38,42262"
290070,"X",2015,106,"ALAGOINHAS","N","-12,13418","-38,42262"
290070,"X",2016,72,"ALAGOINHAS","N","-12,13418","-38,42262"
290070,"X",2017,72,"ALAGOINHAS","N","-12,13418","-38,42262"
290070,"XVIII",2006,93,"ALAGOINHAS","N","-12,13418","-38,42262"
290070,"XVIII",2007,77,"ALAGOINHAS","N","-12,13418","-38,42262"
290070,"XVIII",2008,57,"ALAGOINHAS","N","-12,13418","-38,42262"
290070,"XVIII",2009,77,"ALAGOINHAS","N","-12,13418","-38,42262"
290070,"XVIII",2010,87,"ALAGOINHAS","N","-12,13418","-38,42262"
290070,"XVIII",2011,81,"ALAGOINHAS","N","-12,13418","-38,42262"
290070,"XVIII",2012,108,"ALAGOINHAS","N","-12,13418","-38,42262"
290070,"XVIII",2013,101,"ALAGOINHAS","N","-12,13418","-38,42262"
290070,"XVIII",2014,65,"ALAGOINHAS","N","-12,13418","-38,42262"
290070,"XVIII",2015,93,"ALAGOINHAS","N","-12,13418","-38,42262"
290070,"XVIII",2016,99,"ALAGOINHAS","N","-12,13418","-38,42262"
290070,"XVIII",2017,105,"ALAGOINHAS","N","-12,13418","-38,42262"
290070,"XX",2006,86,"ALAGOINHAS","N","-12,13418","-38,42262"
290070,"XX",2007,104,"ALAGOINHAS","N","-12,13418","-38,42262"
290070,"XX",2008,146,"ALAGOINHAS","N","-12,13418","-38,42262"
290070,"XX",2009,173,"ALAGOINHAS","N","-12,13418","-38,42262"
290070,"XX",2010,153,"ALAGOINHAS","N","-12,13418","-38,42262"
290070,"XX",2011,163,"ALAGOINHAS","N","-12,13418","-38,42262"
290070,"XX",2012,194,"ALAGOINHAS","N","-12,13418","-38,42262"
290070,"XX",2013,193,"ALAGOINHAS","N","-12,13418","-38,42262"
290070,"XX",2014,203,"ALAGOINHAS","N","-12,13418","-38,42262"
290070,"XX",2015,202,"ALAGOINHAS","N","-12,13418","-38,42262"
290070,"XX",2016,232,"ALAGOINHAS","N","-12,13418","-38,42262"
290070,"XX",2017,202,"ALAGOINHAS","N","-12,13418","-38,42262"
290270,"II",2006,10,"BARRA","S","-11,08895","-43,14364"
290270,"II",2007,7,"BARRA","S","-11,08895","-43,14364"
290270,"II",2008,20,"BARRA","S","-11,08895","-43,14364"
290270,"II",2009,13,"BARRA","S","-11,08895","-43,14364"
290270,"II",2010,15,"BARRA","S","-11,08895","-43,14364"
290270,"II",2011,15,"BARRA","S","-11,08895","-43,14364"
290270,"II",2012,11,"BARRA","S","-11,08895","-43,14364"
290270,"II",2013,18,"BARRA","S","-11,08895","-43,14364"
290270,"II",2014,20,"BARRA","S","-11,08895","-43,14364"
290270,"II",2015,23,"BARRA","S","-11,08895","-43,14364"
290270,"II",2016,29,"BARRA","S","-11,08895","-43,14364"
290270,"II",2017,33,"BARRA","S","-11,08895","-43,14364"
290270,"IX",2006,36,"BARRA","S","-11,08895","-43,14364"
290270,"IX",2007,77,"BARRA","S","-11,08895","-43,14364"
290270,"IX",2008,80,"BARRA","S","-11,08895","-43,14364"
290270,"IX",2009,88,"BARRA","S","-11,08895","-43,14364"
290270,"IX",2010,53,"BARRA","S","-11,08895","-43,14364"
290270,"IX",2011,85,"BARRA","S","-11,08895","-43,14364"
290270,"IX",2012,69,"BARRA","S","-11,08895","-43,14364"
290270,"IX",2013,79,"BARRA","S","-11,08895","-43,14364"
290270,"IX",2014,84,"BARRA","S","-11,08895","-43,14364"
290270,"IX",2015,78,"BARRA","S","-11,08895","-43,14364"
290270,"IX",2016,73,"BARRA","S","-11,08895","-43,14364"
290270,"IX",2017,91,"BARRA","S","-11,08895","-43,14364"
290270,"X",2006,9,"BARRA","S","-11,08895","-43,14364"
290270,"X",2007,12,"BARRA","S","-11,08895","-43,14364"
290270,"X",2008,15,"BARRA","S","-11,08895","-43,14364"
290270,"X",2009,19,"BARRA","S","-11,08895","-43,14364"
290270,"X",2010,19,"BARRA","S","-11,08895","-43,14364"
290270,"X",2011,18,"BARRA","S","-11,08895","-43,14364"
290270,"X",2012,22,"BARRA","S","-11,08895","-43,14364"
290270,"X",2013,20,"BARRA","S","-11,08895","-43,14364"
290270,"X",2014,27,"BARRA","S","-11,08895","-43,14364"
290270,"X",2015,28,"BARRA","S","-11,08895","-43,14364"
290270,"X",2016,24,"BARRA","S","-11,08895","-43,14364"
290270,"X",2017,24,"BARRA","S","-11,08895","-43,14364"
290270,"XVIII",2006,95,"BARRA","S","-11,08895","-43,14364"
290270,"XVIII",2007,12,"BARRA","S","-11,08895","-43,14364"
290270,"XVIII",2008,12,"BARRA","S","-11,08895","-43,14364"
290270,"XVIII",2009,22,"BARRA","S","-11,08895","-43,14364"
290270,"XVIII",2010,38,"BARRA","S","-11,08895","-43,14364"
290270,"XVIII",2011,32,"BARRA","S","-11,08895","-43,14364"
290270,"XVIII",2012,13,"BARRA","S","-11,08895","-43,14364"
290270,"XVIII",2013,7,"BARRA","S","-11,08895","-43,14364"
290270,"XVIII",2014,21,"BARRA","S","-11,08895","-43,14364"
290270,"XVIII",2015,40,"BARRA","S","-11,08895","-43,14364"
290270,"XVIII",2016,31,"BARRA","S","-11,08895","-43,14364"
290270,"XVIII",2017,30,"BARRA","S","-11,08895","-43,14364"
290270,"XX",2006,11,"BARRA","S","-11,08895","-43,14364"
290270,"XX",2007,21,"BARRA","S","-11,08895","-43,14364"
290270,"XX",2008,24,"BARRA","S","-11,08895","-43,14364"
290270,"XX",2009,14,"BARRA","S","-11,08895","-43,14364"
290270,"XX",2010,21,"BARRA","S","-11,08895","-43,14364"
290270,"XX",2011,36,"BARRA","S","-11,08895","-43,14364"
290270,"XX",2012,29,"BARRA","S","-11,08895","-43,14364"
290270,"XX",2013,49,"BARRA","S","-11,08895","-43,14364"
290270,"XX",2014,38,"BARRA","S","-11,08895","-43,14364"
290270,"XX",2015,28,"BARRA","S","-11,08895","-43,14364"
290270,"XX",2016,39,"BARRA","S","-11,08895","-43,14364"
290270,"XX",2017,26,"BARRA","S","-11,08895","-43,14364"
290390,"II",2006,20,"BOM JESUS DA LAPA","S","-13,25411","-43,41714"
290390,"II",2007,14,"BOM JESUS DA LAPA","S","-13,25411","-43,41714"
290390,"II",2008,11,"BOM JESUS DA LAPA","S","-13,25411","-43,41714"
290390,"II",2009,17,"BOM JESUS DA LAPA","S","-13,25411","-43,41714"
290390,"II",2010,13,"BOM JESUS DA LAPA","S","-13,25411","-43,41714"
290390,"II",2011,18,"BOM JESUS DA LAPA","S","-13,25411","-43,41714"
290390,"II",2012,30,"BOM JESUS DA LAPA","S","-13,25411","-43,41714"
290390,"II",2013,18,"BOM JESUS DA LAPA","S","-13,25411","-43,41714"
290390,"II",2014,37,"BOM JESUS DA LAPA","S","-13,25411","-43,41714"
290390,"II",2015,39,"BOM JESUS DA LAPA","S","-13,25411","-43,41714"
290390,"II",2016,23,"BOM JESUS DA LAPA","S","-13,25411","-43,41714"
290390,"II",2017,25,"BOM JESUS DA LAPA","S","-13,25411","-43,41714"
290390,"IX",2006,84,"BOM JESUS DA LAPA","S","-13,25411","-43,41714"
290390,"IX",2007,75,"BOM JESUS DA LAPA","S","-13,25411","-43,41714"
290390,"IX",2008,59,"BOM JESUS DA LAPA","S","-13,25411","-43,41714"
290390,"IX",2009,61,"BOM JESUS DA LAPA","S","-13,25411","-43,41714"
290390,"IX",2010,61,"BOM JESUS DA LAPA","S","-13,25411","-43,41714"
290390,"IX",2011,71,"BOM JESUS DA LAPA","S","-13,25411","-43,41714"
290390,"IX",2012,64,"BOM JESUS DA LAPA","S","-13,25411","-43,41714"
290390,"IX",2013,66,"BOM JESUS DA LAPA","S","-13,25411","-43,41714"
290390,"IX",2014,77,"BOM JESUS DA LAPA","S","-13,25411","-43,41714"
290390,"IX",2015,88,"BOM JESUS DA LAPA","S","-13,25411","-43,41714"
290390,"IX",2016,80,"BOM JESUS DA LAPA","S","-13,25411","-43,41714"
290390,"IX",2017,96,"BOM JESUS DA LAPA","S","-13,25411","-43,41714"
290390,"X",2006,14,"BOM JESUS DA LAPA","S","-13,25411","-43,41714"
290390,"X",2007,23,"BOM JESUS DA LAPA","S","-13,25411","-43,41714"
290390,"X",2008,14,"BOM JESUS DA LAPA","S","-13,25411","-43,41714"
290390,"X",2009,11,"BOM JESUS DA LAPA","S","-13,25411","-43,41714"
290390,"X",2010,10,"BOM JESUS DA LAPA","S","-13,25411","-43,41714"
290390,"X",2011,11,"BOM JESUS DA LAPA","S","-13,25411","-43,41714"
290390,"X",2012,16,"BOM JESUS DA LAPA","S","-13,25411","-43,41714"
290390,"X",2013,22,"BOM JESUS DA LAPA","S","-13,25411","-43,41714"
290390,"X",2014,29,"BOM JESUS DA LAPA","S","-13,25411","-43,41714"
290390,"X",2015,36,"BOM JESUS DA LAPA","S","-13,25411","-43,41714"
290390,"X",2016,31,"BOM JESUS DA LAPA","S","-13,25411","-43,41714"
290390,"X",2017,42,"BOM JESUS DA LAPA","S","-13,25411","-43,41714"
290390,"XVIII",2006,81,"BOM JESUS DA LAPA","S","-13,25411","-43,41714"
290390,"XVIII",2007,82,"BOM JESUS DA LAPA","S","-13,25411","-43,41714"
290390,"XVIII",2008,97,"BOM JESUS DA LAPA","S","-13,25411","-43,41714"
290390,"XVIII",2009,73,"BOM JESUS DA LAPA","S","-13,25411","-43,41714"
290390,"XVIII",2010,90,"BOM JESUS DA LAPA","S","-13,25411","-43,41714"
290390,"XVIII",2011,76,"BOM JESUS DA LAPA","S","-13,25411","-43,41714"
290390,"XVIII",2012,65,"BOM JESUS DA LAPA","S","-13,25411","-43,41714"
290390,"XVIII",2013,86,"BOM JESUS DA LAPA","S","-13,25411","-43,41714"
290390,"XVIII",2014,39,"BOM JESUS DA LAPA","S","-13,25411","-43,41714"
290390,"XVIII",2015,60,"BOM JESUS DA LAPA","S","-13,25411","-43,41714"
290390,"XVIII",2016,86,"BOM JESUS DA LAPA","S","-13,25411","-43,41714"
290390,"XVIII",2017,49,"BOM JESUS DA LAPA","S","-13,25411","-43,41714"
290390,"XX",2006,33,"BOM JESUS DA LAPA","S","-13,25411","-43,41714"
290390,"XX",2007,38,"BOM JESUS DA LAPA","S","-13,25411","-43,41714"
290390,"XX",2008,46,"BOM JESUS DA LAPA","S","-13,25411","-43,41714"
290390,"XX",2009,35,"BOM JESUS DA LAPA","S","-13,25411","-43,41714"
290390,"XX",2010,28,"BOM JESUS DA LAPA","S","-13,25411","-43,41714"
290390,"XX",2011,45,"BOM JESUS DA LAPA","S","-13,25411","-43,41714"
290390,"XX",2012,31,"BOM JESUS DA LAPA","S","-13,25411","-43,41714"
290390,"XX",2013,35,"BOM JESUS DA LAPA","S","-13,25411","-43,41714"
290390,"XX",2014,47,"BOM JESUS DA LAPA","S","-13,25411","-43,41714"
290390,"XX",2015,46,"BOM JESUS DA LAPA","S","-13,25411","-43,41714"
290390,"XX",2016,79,"BOM JESUS DA LAPA","S","-13,25411","-43,41714"
290390,"XX",2017,79,"BOM JESUS DA LAPA","S","-13,25411","-43,41714"
290460,"II",2006,38,"BRUMADO","S","-14,20544","-41,66707"
290460,"II",2007,26,"BRUMADO","S","-14,20544","-41,66707"
290460,"II",2008,65,"BRUMADO","S","-14,20544","-41,66707"
290460,"II",2009,43,"BRUMADO","S","-14,20544","-41,66707"
290460,"II",2010,43,"BRUMADO","S","-14,20544","-41,66707"
290460,"II",2011,46,"BRUMADO","S","-14,20544","-41,66707"
290460,"II",2012,55,"BRUMADO","S","-14,20544","-41,66707"
290460,"II",2013,43,"BRUMADO","S","-14,20544","-41,66707"
290460,"II",2014,49,"BRUMADO","S","-14,20544","-41,66707"
290460,"II",2015,47,"BRUMADO","S","-14,20544","-41,66707"
290460,"II",2016,63,"BRUMADO","S","-14,20544","-41,66707"
290460,"II",2017,78,"BRUMADO","S","-14,20544","-41,66707"
290460,"IX",2006,93,"BRUMADO","S","-14,20544","-41,66707"
290460,"IX",2007,72,"BRUMADO","S","-14,20544","-41,66707"
290460,"IX",2008,81,"BRUMADO","S","-14,20544","-41,66707"
290460,"IX",2009,81,"BRUMADO","S","-14,20544","-41,66707"
290460,"IX",2010,74,"BRUMADO","S","-14,20544","-41,66707"
290460,"IX",2011,106,"BRUMADO","S","-14,20544","-41,66707"
290460,"IX",2012,105,"BRUMADO","S","-14,20544","-41,66707"
290460,"IX",2013,70,"BRUMADO","S","-14,20544","-41,66707"
290460,"IX",2014,89,"BRUMADO","S","-14,20544","-41,66707"
290460,"IX",2015,79,"BRUMADO","S","-14,20544","-41,66707"
290460,"IX",2016,78,"BRUMADO","S","-14,20544","-41,66707"
290460,"IX",2017,113,"BRUMADO","S","-14,20544","-41,66707"
290460,"X",2006,41,"BRUMADO","S","-14,20544","-41,66707"
290460,"X",2007,31,"BRUMADO","S","-14,20544","-41,66707"
290460,"X",2008,41,"BRUMADO","S","-14,20544","-41,66707"
290460,"X",2009,33,"BRUMADO","S","-14,20544","-41,66707"
290460,"X",2010,37,"BRUMADO","S","-14,20544","-41,66707"
290460,"X",2011,41,"BRUMADO","S","-14,20544","-41,66707"
290460,"X",2012,58,"BRUMADO","S","-14,20544","-41,66707"
290460,"X",2013,42,"BRUMADO","S","-14,20544","-41,66707"
290460,"X",2014,29,"BRUMADO","S","-14,20544","-41,66707"
290460,"X",2015,55,"BRUMADO","S","-14,20544","-41,66707"
290460,"X",2016,49,"BRUMADO","S","-14,20544","-41,66707"
290460,"X",2017,46,"BRUMADO","S","-14,20544","-41,66707"
290460,"XVIII",2006,29,"BRUMADO","S","-14,20544","-41,66707"
290460,"XVIII",2007,20,"BRUMADO","S","-14,20544","-41,66707"
290460,"XVIII",2008,24,"BRUMADO","S","-14,20544","-41,66707"
290460,"XVIII",2009,26,"BRUMADO","S","-14,20544","-41,66707"
290460,"XVIII",2010,54,"BRUMADO","S","-14,20544","-41,66707"
290460,"XVIII",2011,15,"BRUMADO","S","-14,20544","-41,66707"
290460,"XVIII",2012,6,"BRUMADO","S","-14,20544","-41,66707"
290460,"XVIII",2013,47,"BRUMADO","S","-14,20544","-41,66707"
290460,"XVIII",2014,41,"BRUMADO","S","-14,20544","-41,66707"
290460,"XVIII",2015,86,"BRUMADO","S","-14,20544","-41,66707"
290460,"XVIII",2016,53,"BRUMADO","S","-14,20544","-41,66707"
290460,"XVIII",2017,41,"BRUMADO","S","-14,20544","-41,66707"
290460,"XX",2006,30,"BRUMADO","S","-14,20544","-41,66707"
290460,"XX",2007,26,"BRUMADO","S","-14,20544","-41,66707"
290460,"XX",2008,31,"BRUMADO","S","-14,20544","-41,66707"
290460,"XX",2009,59,"BRUMADO","S","-14,20544","-41,66707"
290460,"XX",2010,46,"BRUMADO","S","-14,20544","-41,66707"
290460,"XX",2011,32,"BRUMADO","S","-14,20544","-41,66707"
290460,"XX",2012,48,"BRUMADO","S","-14,20544","-41,66707"
290460,"XX",2013,49,"BRUMADO","S","-14,20544","-41,66707"
290460,"XX",2014,40,"BRUMADO","S","-14,20544","-41,66707"
290460,"XX",2015,38,"BRUMADO","S","-14,20544","-41,66707"
290460,"XX",2016,48,"BRUMADO","S","-14,20544","-41,66707"
290460,"XX",2017,42,"BRUMADO","S","-14,20544","-41,66707"
290570,"II",2006,61,"CAMACARI","N","-12,69882","-38,32574"
290570,"II",2007,49,"CAMACARI","N","-12,69882","-38,32574"
290570,"II",2008,90,"CAMACARI","N","-12,69882","-38,32574"
290570,"II",2009,79,"CAMACARI","N","-12,69882","-38,32574"
290570,"II",2010,83,"CAMACARI","N","-12,69882","-38,32574"
290570,"II",2011,89,"CAMACARI","N","-12,69882","-38,32574"
290570,"II",2012,104,"CAMACARI","N","-12,69882","-38,32574"
290570,"II",2013,106,"CAMACARI","N","-12,69882","-38,32574"
290570,"II",2014,108,"CAMACARI","N","-12,69882","-38,32574"
290570,"II",2015,126,"CAMACARI","N","-12,69882","-38,32574"
290570,"II",2016,108,"CAMACARI","N","-12,69882","-38,32574"
290570,"II",2017,111,"CAMACARI","N","-12,69882","-38,32574"
290570,"IX",2006,302,"CAMACARI","N","-12,69882","-38,32574"
290570,"IX",2007,209,"CAMACARI","N","-12,69882","-38,32574"
290570,"IX",2008,258,"CAMACARI","N","-12,69882","-38,32574"
290570,"IX",2009,233,"CAMACARI","N","-12,69882","-38,32574"
290570,"IX",2010,286,"CAMACARI","N","-12,69882","-38,32574"
290570,"IX",2011,261,"CAMACARI","N","-12,69882","-38,32574"
290570,"IX",2012,295,"CAMACARI","N","-12,69882","-38,32574"
290570,"IX",2013,298,"CAMACARI","N","-12,69882","-38,32574"
290570,"IX",2014,360,"CAMACARI","N","-12,69882","-38,32574"
290570,"IX",2015,314,"CAMACARI","N","-12,69882","-38,32574"
290570,"IX",2016,303,"CAMACARI","N","-12,69882","-38,32574"
290570,"IX",2017,358,"CAMACARI","N","-12,69882","-38,32574"
290570,"X",2006,69,"CAMACARI","N","-12,69882","-38,32574"
290570,"X",2007,42,"CAMACARI","N","-12,69882","-38,32574"
290570,"X",2008,42,"CAMACARI","N","-12,69882","-38,32574"
290570,"X",2009,50,"CAMACARI","N","-12,69882","-38,32574"
290570,"X",2010,78,"CAMACARI","N","-12,69882","-38,32574"
290570,"X",2011,78,"CAMACARI","N","-12,69882","-38,32574"
290570,"X",2012,66,"CAMACARI","N","-12,69882","-38,32574"
290570,"X",2013,84,"CAMACARI","N","-12,69882","-38,32574"
290570,"X",2014,82,"CAMACARI","N","-12,69882","-38,32574"
290570,"X",2015,92,"CAMACARI","N","-12,69882","-38,32574"
290570,"X",2016,70,"CAMACARI","N","-12,69882","-38,32574"
290570,"X",2017,89,"CAMACARI","N","-12,69882","-38,32574"
290570,"XVIII",2006,20,"CAMACARI","N","-12,69882","-38,32574"
290570,"XVIII",2007,53,"CAMACARI","N","-12,69882","-38,32574"
290570,"XVIII",2008,65,"CAMACARI","N","-12,69882","-38,32574"
290570,"XVIII",2009,75,"CAMACARI","N","-12,69882","-38,32574"
290570,"XVIII",2010,39,"CAMACARI","N","-12,69882","-38,32574"
290570,"XVIII",2011,40,"CAMACARI","N","-12,69882","-38,32574"
290570,"XVIII",2012,43,"CAMACARI","N","-12,69882","-38,32574"
290570,"XVIII",2013,59,"CAMACARI","N","-12,69882","-38,32574"
290570,"XVIII",2014,27,"CAMACARI","N","-12,69882","-38,32574"
290570,"XVIII",2015,42,"CAMACARI","N","-12,69882","-38,32574"
290570,"XVIII",2016,63,"CAMACARI","N","-12,69882","-38,32574"
290570,"XVIII",2017,57,"CAMACARI","N","-12,69882","-38,32574"
290570,"XX",2006,198,"CAMACARI","N","-12,69882","-38,32574"
290570,"XX",2007,180,"CAMACARI","N","-12,69882","-38,32574"
290570,"XX",2008,227,"CAMACARI","N","-12,69882","-38,32574"
290570,"XX",2009,229,"CAMACARI","N","-12,69882","-38,32574"
290570,"XX",2010,234,"CAMACARI","N","-12,69882","-38,32574"
290570,"XX",2011,286,"CAMACARI","N","-12,69882","-38,32574"
290570,"XX",2012,335,"CAMACARI","N","-12,69882","-38,32574"
290570,"XX",2013,298,"CAMACARI","N","-12,69882","-38,32574"
290570,"XX",2014,361,"CAMACARI","N","-12,69882","-38,32574"
290570,"XX",2015,309,"CAMACARI","N","-12,69882","-38,32574"
290570,"XX",2016,358,"CAMACARI","N","-12,69882","-38,32574"
290570,"XX",2017,371,"CAMACARI","N","-12,69882","-38,32574"
291080,"II",2006,286,"FEIRA DE SANTANA","N","-12,22928","-38,96003"
291080,"II",2007,354,"FEIRA DE SANTANA","N","-12,22928","-38,96003"
291080,"II",2008,462,"FEIRA DE SANTANA","N","-12,22928","-38,96003"
291080,"II",2009,470,"FEIRA DE SANTANA","N","-12,22928","-38,96003"
291080,"II",2010,483,"FEIRA DE SANTANA","N","-12,22928","-38,96003"
291080,"II",2011,528,"FEIRA DE SANTANA","N","-12,22928","-38,96003"
291080,"II",2012,572,"FEIRA DE SANTANA","N","-12,22928","-38,96003"
291080,"II",2013,570,"FEIRA DE SANTANA","N","-12,22928","-38,96003"
291080,"II",2014,624,"FEIRA DE SANTANA","N","-12,22928","-38,96003"
291080,"II",2015,620,"FEIRA DE SANTANA","N","-12,22928","-38,96003"
291080,"II",2016,658,"FEIRA DE SANTANA","N","-12,22928","-38,96003"
291080,"II",2017,675,"FEIRA DE SANTANA","N","-12,22928","-38,96003"
291080,"IX",2006,877,"FEIRA DE SANTANA","N","-12,22928","-38,96003"
291080,"IX",2007,823,"FEIRA DE SANTANA","N","-12,22928","-38,96003"
291080,"IX",2008,1025,"FEIRA DE SANTANA","N","-12,22928","-38,96003"
291080,"IX",2009,1051,"FEIRA DE SANTANA","N","-12,22928","-38,96003"
291080,"IX",2010,1030,"FEIRA DE SANTANA","N","-12,22928","-38,96003"
291080,"IX",2011,996,"FEIRA DE SANTANA","N","-12,22928","-38,96003"
291080,"IX",2012,957,"FEIRA DE SANTANA","N","-12,22928","-38,96003"
291080,"IX",2013,902,"FEIRA DE SANTANA","N","-12,22928","-38,96003"
291080,"IX",2014,842,"FEIRA DE SANTANA","N","-12,22928","-38,96003"
291080,"IX",2015,874,"FEIRA DE SANTANA","N","-12,22928","-38,96003"
291080,"IX",2016,789,"FEIRA DE SANTANA","N","-12,22928","-38,96003"
291080,"IX",2017,866,"FEIRA DE SANTANA","N","-12,22928","-38,96003"
291080,"X",2006,327,"FEIRA DE SANTANA","N","-12,22928","-38,96003"
291080,"X",2007,267,"FEIRA DE SANTANA","N","-12,22928","-38,96003"
291080,"X",2008,331,"FEIRA DE SANTANA","N","-12,22928","-38,96003"
291080,"X",2009,325,"FEIRA DE SANTANA","N","-12,22928","-38,96003"
291080,"X",2010,327,"FEIRA DE SANTANA","N","-12,22928","-38,96003"
291080,"X",2011,334,"FEIRA DE SANTANA","N","-12,22928","-38,96003"
291080,"X",2012,314,"FEIRA DE SANTANA","N","-12,22928","-38,96003"
291080,"X",2013,321,"FEIRA DE SANTANA","N","-12,22928","-38,96003"
291080,"X",2014,279,"FEIRA DE SANTANA","N","-12,22928","-38,96003"
291080,"X",2015,333,"FEIRA DE SANTANA","N","-12,22928","-38,96003"
291080,"X",2016,353,"FEIRA DE SANTANA","N","-12,22928","-38,96003"
291080,"X",2017,368,"FEIRA DE SANTANA","N","-12,22928","-38,96003"
291080,"XVIII",2006,569,"FEIRA DE SANTANA","N","-12,22928","-38,96003"
291080,"XVIII",2007,326,"FEIRA DE SANTANA","N","-12,22928","-38,96003"
291080,"XVIII",2008,308,"FEIRA DE SANTANA","N","-12,22928","-38,96003"
291080,"XVIII",2009,245,"FEIRA DE SANTANA","N","-12,22928","-38,96003"
291080,"XVIII",2010,189,"FEIRA DE SANTANA","N","-12,22928","-38,96003"
291080,"XVIII",2011,218,"FEIRA DE SANTANA","N","-12,22928","-38,96003"
291080,"XVIII",2012,271,"FEIRA DE SANTANA","N","-12,22928","-38,96003"
291080,"XVIII",2013,431,"FEIRA DE SANTANA","N","-12,22928","-38,96003"
291080,"XVIII",2014,585,"FEIRA DE SANTANA","N","-12,22928","-38,96003"
291080,"XVIII",2015,853,"FEIRA DE SANTANA","N","-12,22928","-38,96003"
291080,"XVIII",2016,702,"FEIRA DE SANTANA","N","-12,22928","-38,96003"
291080,"XVIII",2017,677,"FEIRA DE SANTANA","N","-12,22928","-38,96003"
291080,"XX",2006,677,"FEIRA DE SANTANA","N","-12,22928","-38,96003"
291080,"XX",2007,639,"FEIRA DE SANTANA","N","-12,22928","-38,96003"
291080,"XX",2008,648,"FEIRA DE SANTANA","N","-12,22928","-38,96003"
291080,"XX",2009,729,"FEIRA DE SANTANA","N","-12,22928","-38,96003"
291080,"XX",2010,770,"FEIRA DE SANTANA","N","-12,22928","-38,96003"
291080,"XX",2011,715,"FEIRA DE SANTANA","N","-12,22928","-38,96003"
291080,"XX",2012,814,"FEIRA DE SANTANA","N","-12,22928","-38,96003"
291080,"XX",2013,693,"FEIRA DE SANTANA","N","-12,22928","-38,96003"
291080,"XX",2014,770,"FEIRA DE SANTANA","N","-12,22928","-38,96003"
291080,"XX",2015,688,"FEIRA DE SANTANA","N","-12,22928","-38,96003"
291080,"XX",2016,788,"FEIRA DE SANTANA","N","-12,22928","-38,96003"
291080,"XX",2017,797,"FEIRA DE SANTANA","N","-12,22928","-38,96003"
291170,"II",2006,43,"GUANAMBI","S","-14,22532","-42,77856"
291170,"II",2007,67,"GUANAMBI","S","-14,22532","-42,77856"
291170,"II",2008,51,"GUANAMBI","S","-14,22532","-42,77856"
291170,"II",2009,71,"GUANAMBI","S","-14,22532","-42,77856"
291170,"II",2010,82,"GUANAMBI","S","-14,22532","-42,77856"
291170,"II",2011,99,"GUANAMBI","S","-14,22532","-42,77856"
291170,"II",2012,89,"GUANAMBI","S","-14,22532","-42,77856"
291170,"II",2013,79,"GUANAMBI","S","-14,22532","-42,77856"
291170,"II",2014,72,"GUANAMBI","S","-14,22532","-42,77856"
291170,"II",2015,102,"GUANAMBI","S","-14,22532","-42,77856"
291170,"II",2016,94,"GUANAMBI","S","-14,22532","-42,77856"
291170,"II",2017,112,"GUANAMBI","S","-14,22532","-42,77856"
291170,"IX",2006,151,"GUANAMBI","S","-14,22532","-42,77856"
291170,"IX",2007,151,"GUANAMBI","S","-14,22532","-42,77856"
291170,"IX",2008,131,"GUANAMBI","S","-14,22532","-42,77856"
291170,"IX",2009,173,"GUANAMBI","S","-14,22532","-42,77856"
291170,"IX",2010,169,"GUANAMBI","S","-14,22532","-42,77856"
291170,"IX",2011,202,"GUANAMBI","S","-14,22532","-42,77856"
291170,"IX",2012,182,"GUANAMBI","S","-14,22532","-42,77856"
291170,"IX",2013,155,"GUANAMBI","S","-14,22532","-42,77856"
291170,"IX",2014,166,"GUANAMBI","S","-14,22532","-42,77856"
291170,"IX",2015,191,"GUANAMBI","S","-14,22532","-42,77856"
291170,"IX",2016,196,"GUANAMBI","S","-14,22532","-42,77856"
291170,"IX",2017,223,"GUANAMBI","S","-14,22532","-42,77856"
291170,"X",2006,69,"GUANAMBI","S","-14,22532","-42,77856"
291170,"X",2007,56,"GUANAMBI","S","-14,22532","-42,77856"
291170,"X",2008,50,"GUANAMBI","S","-14,22532","-42,77856"
291170,"X",2009,67,"GUANAMBI","S","-14,22532","-42,77856"
291170,"X",2010,72,"GUANAMBI","S","-14,22532","-42,77856"
291170,"X",2011,76,"GUANAMBI","S","-14,22532","-42,77856"
291170,"X",2012,77,"GUANAMBI","S","-14,22532","-42,77856"
291170,"X",2013,61,"GUANAMBI","S","-14,22532","-42,77856"
291170,"X",2014,80,"GUANAMBI","S","-14,22532","-42,77856"
291170,"X",2015,83,"GUANAMBI","S","-14,22532","-42,77856"
291170,"X",2016,87,"GUANAMBI","S","-14,22532","-42,77856"
291170,"X",2017,77,"GUANAMBI","S","-14,22532","-42,77856"
291170,"XVIII",2006,17,"GUANAMBI","S","-14,22532","-42,77856"
291170,"XVIII",2007,13,"GUANAMBI","S","-14,22532","-42,77856"
291170,"XVIII",2008,11,"GUANAMBI","S","-14,22532","-42,77856"
291170,"XVIII",2009,5,"GUANAMBI","S","-14,22532","-42,77856"
291170,"XVIII",2010,12,"GUANAMBI","S","-14,22532","-42,77856"
291170,"XVIII",2011,13,"GUANAMBI","S","-14,22532","-42,77856"
291170,"XVIII",2012,9,"GUANAMBI","S","-14,22532","-42,77856"
291170,"XVIII",2013,11,"GUANAMBI","S","-14,22532","-42,77856"
291170,"XVIII",2014,26,"GUANAMBI","S","-14,22532","-42,77856"
291170,"XVIII",2015,22,"GUANAMBI","S","-14,22532","-42,77856"
291170,"XVIII",2016,24,"GUANAMBI","S","-14,22532","-42,77856"
291170,"XVIII",2017,14,"GUANAMBI","S","-14,22532","-42,77856"
291170,"XX",2006,73,"GUANAMBI","S","-14,22532","-42,77856"
291170,"XX",2007,62,"GUANAMBI","S","-14,22532","-42,77856"
291170,"XX",2008,62,"GUANAMBI","S","-14,22532","-42,77856"
291170,"XX",2009,60,"GUANAMBI","S","-14,22532","-42,77856"
291170,"XX",2010,70,"GUANAMBI","S","-14,22532","-42,77856"
291170,"XX",2011,118,"GUANAMBI","S","-14,22532","-42,77856"
291170,"XX",2012,77,"GUANAMBI","S","-14,22532","-42,77856"
291170,"XX",2013,106,"GUANAMBI","S","-14,22532","-42,77856"
291170,"XX",2014,85,"GUANAMBI","S","-14,22532","-42,77856"
291170,"XX",2015,116,"GUANAMBI","S","-14,22532","-42,77856"
291170,"XX",2016,117,"GUANAMBI","S","-14,22532","-42,77856"
291170,"XX",2017,121,"GUANAMBI","S","-14,22532","-42,77856"
291360,"II",2006,122,"ILHEUS","N","-14,79332","-39,04318"
291360,"II",2007,154,"ILHEUS","N","-14,79332","-39,04318"
291360,"II",2008,160,"ILHEUS","N","-14,79332","-39,04318"
291360,"II",2009,151,"ILHEUS","N","-14,79332","-39,04318"
291360,"II",2010,148,"ILHEUS","N","-14,79332","-39,04318"
291360,"II",2011,116,"ILHEUS","N","-14,79332","-39,04318"
291360,"II",2012,129,"ILHEUS","N","-14,79332","-39,04318"
291360,"II",2013,107,"ILHEUS","N","-14,79332","-39,04318"
291360,"II",2014,157,"ILHEUS","N","-14,79332","-39,04318"
291360,"II",2015,153,"ILHEUS","N","-14,79332","-39,04318"
291360,"II",2016,173,"ILHEUS","N","-14,79332","-39,04318"
291360,"II",2017,204,"ILHEUS","N","-14,79332","-39,04318"
291360,"IX",2006,302,"ILHEUS","N","-14,79332","-39,04318"
291360,"IX",2007,362,"ILHEUS","N","-14,79332","-39,04318"
291360,"IX",2008,392,"ILHEUS","N","-14,79332","-39,04318"
291360,"IX",2009,373,"ILHEUS","N","-14,79332","-39,04318"
291360,"IX",2010,346,"ILHEUS","N","-14,79332","-39,04318"
291360,"IX",2011,322,"ILHEUS","N","-14,79332","-39,04318"
291360,"IX",2012,291,"ILHEUS","N","-14,79332","-39,04318"
291360,"IX",2013,338,"ILHEUS","N","-14,79332","-39,04318"
291360,"IX",2014,367,"ILHEUS","N","-14,79332","-39,04318"
291360,"IX",2015,362,"ILHEUS","N","-14,79332","-39,04318"
291360,"IX",2016,376,"ILHEUS","N","-14,79332","-39,04318"
291360,"IX",2017,312,"ILHEUS","N","-14,79332","-39,04318"
291360,"X",2006,73,"ILHEUS","N","-14,79332","-39,04318"
291360,"X",2007,81,"ILHEUS","N","-14,79332","-39,04318"
291360,"X",2008,80,"ILHEUS","N","-14,79332","-39,04318"
291360,"X",2009,88,"ILHEUS","N","-14,79332","-39,04318"
291360,"X",2010,87,"ILHEUS","N","-14,79332","-39,04318"
291360,"X",2011,90,"ILHEUS","N","-14,79332","-39,04318"
291360,"X",2012,70,"ILHEUS","N","-14,79332","-39,04318"
291360,"X",2013,103,"ILHEUS","N","-14,79332","-39,04318"
291360,"X",2014,107,"ILHEUS","N","-14,79332","-39,04318"
291360,"X",2015,116,"ILHEUS","N","-14,79332","-39,04318"
291360,"X",2016,146,"ILHEUS","N","-14,79332","-39,04318"
291360,"X",2017,130,"ILHEUS","N","-14,79332","-39,04318"
291360,"XVIII",2006,146,"ILHEUS","N","-14,79332","-39,04318"
291360,"XVIII",2007,133,"ILHEUS","N","-14,79332","-39,04318"
291360,"XVIII",2008,91,"ILHEUS","N","-14,79332","-39,04318"
291360,"XVIII",2009,89,"ILHEUS","N","-14,79332","-39,04318"
291360,"XVIII",2010,198,"ILHEUS","N","-14,79332","-39,04318"
291360,"XVIII",2011,193,"ILHEUS","N","-14,79332","-39,04318"
291360,"XVIII",2012,204,"ILHEUS","N","-14,79332","-39,04318"
291360,"XVIII",2013,230,"ILHEUS","N","-14,79332","-39,04318"
291360,"XVIII",2014,131,"ILHEUS","N","-14,79332","-39,04318"
291360,"XVIII",2015,143,"ILHEUS","N","-14,79332","-39,04318"
291360,"XVIII",2016,190,"ILHEUS","N","-14,79332","-39,04318"
291360,"XVIII",2017,232,"ILHEUS","N","-14,79332","-39,04318"
291360,"XX",2006,193,"ILHEUS","N","-14,79332","-39,04318"
291360,"XX",2007,201,"ILHEUS","N","-14,79332","-39,04318"
291360,"XX",2008,203,"ILHEUS","N","-14,79332","-39,04318"
291360,"XX",2009,221,"ILHEUS","N","-14,79332","-39,04318"
291360,"XX",2010,215,"ILHEUS","N","-14,79332","-39,04318"
291360,"XX",2011,206,"ILHEUS","N","-14,79332","-39,04318"
291360,"XX",2012,250,"ILHEUS","N","-14,79332","-39,04318"
291360,"XX",2013,249,"ILHEUS","N","-14,79332","-39,04318"
291360,"XX",2014,204,"ILHEUS","N","-14,79332","-39,04318"
291360,"XX",2015,189,"ILHEUS","N","-14,79332","-39,04318"
291360,"XX",2016,190,"ILHEUS","N","-14,79332","-39,04318"
291360,"XX",2017,222,"ILHEUS","N","-14,79332","-39,04318"
291480,"II",2006,325,"ITABUNA","N","-14,78904","-39,27311"
291480,"II",2007,341,"ITABUNA","N","-14,78904","-39,27311"
291480,"II",2008,361,"ITABUNA","N","-14,78904","-39,27311"
291480,"II",2009,408,"ITABUNA","N","-14,78904","-39,27311"
291480,"II",2010,436,"ITABUNA","N","-14,78904","-39,27311"
291480,"II",2011,421,"ITABUNA","N","-14,78904","-39,27311"
291480,"II",2012,484,"ITABUNA","N","-14,78904","-39,27311"
291480,"II",2013,463,"ITABUNA","N","-14,78904","-39,27311"
291480,"II",2014,442,"ITABUNA","N","-14,78904","-39,27311"
291480,"II",2015,438,"ITABUNA","N","-14,78904","-39,27311"
291480,"II",2016,476,"ITABUNA","N","-14,78904","-39,27311"
291480,"II",2017,451,"ITABUNA","N","-14,78904","-39,27311"
291480,"IX",2006,644,"ITABUNA","N","-14,78904","-39,27311"
291480,"IX",2007,725,"ITABUNA","N","-14,78904","-39,27311"
291480,"IX",2008,694,"ITABUNA","N","-14,78904","-39,27311"
291480,"IX",2009,687,"ITABUNA","N","-14,78904","-39,27311"
291480,"IX",2010,663,"ITABUNA","N","-14,78904","-39,27311"
291480,"IX",2011,675,"ITABUNA","N","-14,78904","-39,27311"
291480,"IX",2012,654,"ITABUNA","N","-14,78904","-39,27311"
291480,"IX",2013,572,"ITABUNA","N","-14,78904","-39,27311"
291480,"IX",2014,535,"ITABUNA","N","-14,78904","-39,27311"
291480,"IX",2015,635,"ITABUNA","N","-14,78904","-39,27311"
291480,"IX",2016,705,"ITABUNA","N","-14,78904","-39,27311"
291480,"IX",2017,669,"ITABUNA","N","-14,78904","-39,27311"
291480,"X",2006,219,"ITABUNA","N","-14,78904","-39,27311"
291480,"X",2007,174,"ITABUNA","N","-14,78904","-39,27311"
291480,"X",2008,204,"ITABUNA","N","-14,78904","-39,27311"
291480,"X",2009,213,"ITABUNA","N","-14,78904","-39,27311"
291480,"X",2010,235,"ITABUNA","N","-14,78904","-39,27311"
291480,"X",2011,224,"ITABUNA","N","-14,78904","-39,27311"
291480,"X",2012,221,"ITABUNA","N","-14,78904","-39,27311"
291480,"X",2013,242,"ITABUNA","N","-14,78904","-39,27311"
291480,"X",2014,236,"ITABUNA","N","-14,78904","-39,27311"
291480,"X",2015,235,"ITABUNA","N","-14,78904","-39,27311"
291480,"X",2016,308,"ITABUNA","N","-14,78904","-39,27311"
291480,"X",2017,198,"ITABUNA","N","-14,78904","-39,27311"
291480,"XVIII",2006,116,"ITABUNA","N","-14,78904","-39,27311"
291480,"XVIII",2007,120,"ITABUNA","N","-14,78904","-39,27311"
291480,"XVIII",2008,161,"ITABUNA","N","-14,78904","-39,27311"
291480,"XVIII",2009,137,"ITABUNA","N","-14,78904","-39,27311"
291480,"XVIII",2010,168,"ITABUNA","N","-14,78904","-39,27311"
291480,"XVIII",2011,244,"ITABUNA","N","-14,78904","-39,27311"
291480,"XVIII",2012,318,"ITABUNA","N","-14,78904","-39,27311"
291480,"XVIII",2013,188,"ITABUNA","N","-14,78904","-39,27311"
291480,"XVIII",2014,259,"ITABUNA","N","-14,78904","-39,27311"
291480,"XVIII",2015,161,"ITABUNA","N","-14,78904","-39,27311"
291480,"XVIII",2016,207,"ITABUNA","N","-14,78904","-39,27311"
291480,"XVIII",2017,130,"ITABUNA","N","-14,78904","-39,27311"
291480,"XX",2006,283,"ITABUNA","N","-14,78904","-39,27311"
291480,"XX",2007,334,"ITABUNA","N","-14,78904","-39,27311"
291480,"XX",2008,358,"ITABUNA","N","-14,78904","-39,27311"
291480,"XX",2009,375,"ITABUNA","N","-14,78904","-39,27311"
291480,"XX",2010,340,"ITABUNA","N","-14,78904","-39,27311"
291480,"XX",2011,312,"ITABUNA","N","-14,78904","-39,27311"
291480,"XX",2012,332,"ITABUNA","N","-14,78904","-39,27311"
291480,"XX",2013,346,"ITABUNA","N","-14,78904","-39,27311"
291480,"XX",2014,368,"ITABUNA","N","-14,78904","-39,27311"
291480,"XX",2015,304,"ITABUNA","N","-14,78904","-39,27311"
291480,"XX",2016,312,"ITABUNA","N","-14,78904","-39,27311"
291480,"XX",2017,283,"ITABUNA","N","-14,78904","-39,27311"
291640,"II",2006,35,"ITAPETINGA","S","-15,24617","-40,24738"
291640,"II",2007,33,"ITAPETINGA","S","-15,24617","-40,24738"
291640,"II",2008,29,"ITAPETINGA","S","-15,24617","-40,24738"
291640,"II",2009,26,"ITAPETINGA","S","-15,24617","-40,24738"
291640,"II",2010,32,"ITAPETINGA","S","-15,24617","-40,24738"
291640,"II",2011,20,"ITAPETINGA","S","-15,24617","-40,24738"
291640,"II",2012,36,"ITAPETINGA","S","-15,24617","-40,24738"
291640,"II",2013,42,"ITAPETINGA","S","-15,24617","-40,24738"
291640,"II",2014,52,"ITAPETINGA","S","-15,24617","-40,24738"
291640,"II",2015,34,"ITAPETINGA","S","-15,24617","-40,24738"
291640,"II",2016,49,"ITAPETINGA","S","-15,24617","-40,24738"
291640,"II",2017,52,"ITAPETINGA","S","-15,24617","-40,24738"
291640,"IX",2006,94,"ITAPETINGA","S","-15,24617","-40,24738"
291640,"IX",2007,90,"ITAPETINGA","S","-15,24617","-40,24738"
291640,"IX",2008,76,"ITAPETINGA","S","-15,24617","-40,24738"
291640,"IX",2009,70,"ITAPETINGA","S","-15,24617","-40,24738"
291640,"IX",2010,74,"ITAPETINGA","S","-15,24617","-40,24738"
291640,"IX",2011,81,"ITAPETINGA","S","-15,24617","-40,24738"
291640,"IX",2012,108,"ITAPETINGA","S","-15,24617","-40,24738"
291640,"IX",2013,106,"ITAPETINGA","S","-15,24617","-40,24738"
291640,"IX",2014,139,"ITAPETINGA","S","-15,24617","-40,24738"
291640,"IX",2015,127,"ITAPETINGA","S","-15,24617","-40,24738"
291640,"IX",2016,113,"ITAPETINGA","S","-15,24617","-40,24738"
291640,"IX",2017,142,"ITAPETINGA","S","-15,24617","-40,24738"
291640,"X",2006,42,"ITAPETINGA","S","-15,24617","-40,24738"
291640,"X",2007,24,"ITAPETINGA","S","-15,24617","-40,24738"
291640,"X",2008,22,"ITAPETINGA","S","-15,24617","-40,24738"
291640,"X",2009,40,"ITAPETINGA","S","-15,24617","-40,24738"
291640,"X",2010,32,"ITAPETINGA","S","-15,24617","-40,24738"
291640,"X",2011,25,"ITAPETINGA","S","-15,24617","-40,24738"
291640,"X",2012,29,"ITAPETINGA","S","-15,24617","-40,24738"
291640,"X",2013,50,"ITAPETINGA","S","-15,24617","-40,24738"
291640,"X",2014,56,"ITAPETINGA","S","-15,24617","-40,24738"
291640,"X",2015,59,"ITAPETINGA","S","-15,24617","-40,24738"
291640,"X",2016,83,"ITAPETINGA","S","-15,24617","-40,24738"
291640,"X",2017,66,"ITAPETINGA","S","-15,24617","-40,24738"
291640,"XVIII",2006,94,"ITAPETINGA","S","-15,24617","-40,24738"
291640,"XVIII",2007,87,"ITAPETINGA","S","-15,24617","-40,24738"
291640,"XVIII",2008,96,"ITAPETINGA","S","-15,24617","-40,24738"
291640,"XVIII",2009,112,"ITAPETINGA","S","-15,24617","-40,24738"
291640,"XVIII",2010,110,"ITAPETINGA","S","-15,24617","-40,24738"
291640,"XVIII",2011,96,"ITAPETINGA","S","-15,24617","-40,24738"
291640,"XVIII",2012,69,"ITAPETINGA","S","-15,24617","-40,24738"
291640,"XVIII",2013,43,"ITAPETINGA","S","-15,24617","-40,24738"
291640,"XVIII",2014,49,"ITAPETINGA","S","-15,24617","-40,24738"
291640,"XVIII",2015,83,"ITAPETINGA","S","-15,24617","-40,24738"
291640,"XVIII",2016,141,"ITAPETINGA","S","-15,24617","-40,24738"
291640,"XVIII",2017,74,"ITAPETINGA","S","-15,24617","-40,24738"
291640,"XX",2006,24,"ITAPETINGA","S","-15,24617","-40,24738"
291640,"XX",2007,46,"ITAPETINGA","S","-15,24617","-40,24738"
291640,"XX",2008,49,"ITAPETINGA","S","-15,24617","-40,24738"
291640,"XX",2009,51,"ITAPETINGA","S","-15,24617","-40,24738"
291640,"XX",2010,50,"ITAPETINGA","S","-15,24617","-40,24738"
291640,"XX",2011,40,"ITAPETINGA","S","-15,24617","-40,24738"
291640,"XX",2012,41,"ITAPETINGA","S","-15,24617","-40,24738"
291640,"XX",2013,47,"ITAPETINGA","S","-15,24617","-40,24738"
291640,"XX",2014,42,"ITAPETINGA","S","-15,24617","-40,24738"
291640,"XX",2015,51,"ITAPETINGA","S","-15,24617","-40,24738"
291640,"XX",2016,42,"ITAPETINGA","S","-15,24617","-40,24738"
291640,"XX",2017,56,"ITAPETINGA","S","-15,24617","-40,24738"
291750,"II",2006,18,"JACOBINA","S","-11,18506","-40,51302"
291750,"II",2007,27,"JACOBINA","S","-11,18506","-40,51302"
291750,"II",2008,22,"JACOBINA","S","-11,18506","-40,51302"
291750,"II",2009,27,"JACOBINA","S","-11,18506","-40,51302"
291750,"II",2010,36,"JACOBINA","S","-11,18506","-40,51302"
291750,"II",2011,31,"JACOBINA","S","-11,18506","-40,51302"
291750,"II",2012,31,"JACOBINA","S","-11,18506","-40,51302"
291750,"II",2013,39,"JACOBINA","S","-11,18506","-40,51302"
291750,"II",2014,21,"JACOBINA","S","-11,18506","-40,51302"
291750,"II",2015,33,"JACOBINA","S","-11,18506","-40,51302"
291750,"II",2016,42,"JACOBINA","S","-11,18506","-40,51302"
291750,"II",2017,50,"JACOBINA","S","-11,18506","-40,51302"
291750,"IX",2006,104,"JACOBINA","S","-11,18506","-40,51302"
291750,"IX",2007,125,"JACOBINA","S","-11,18506","-40,51302"
291750,"IX",2008,130,"JACOBINA","S","-11,18506","-40,51302"
291750,"IX",2009,126,"JACOBINA","S","-11,18506","-40,51302"
291750,"IX",2010,136,"JACOBINA","S","-11,18506","-40,51302"
291750,"IX",2011,164,"JACOBINA","S","-11,18506","-40,51302"
291750,"IX",2012,134,"JACOBINA","S","-11,18506","-40,51302"
291750,"IX",2013,149,"JACOBINA","S","-11,18506","-40,51302"
291750,"IX",2014,116,"JACOBINA","S","-11,18506","-40,51302"
291750,"IX",2015,128,"JACOBINA","S","-11,18506","-40,51302"
291750,"IX",2016,141,"JACOBINA","S","-11,18506","-40,51302"
291750,"IX",2017,190,"JACOBINA","S","-11,18506","-40,51302"
291750,"X",2006,23,"JACOBINA","S","-11,18506","-40,51302"
291750,"X",2007,21,"JACOBINA","S","-11,18506","-40,51302"
291750,"X",2008,32,"JACOBINA","S","-11,18506","-40,51302"
291750,"X",2009,38,"JACOBINA","S","-11,18506","-40,51302"
291750,"X",2010,25,"JACOBINA","S","-11,18506","-40,51302"
291750,"X",2011,28,"JACOBINA","S","-11,18506","-40,51302"
291750,"X",2012,26,"JACOBINA","S","-11,18506","-40,51302"
291750,"X",2013,38,"JACOBINA","S","-11,18506","-40,51302"
291750,"X",2014,44,"JACOBINA","S","-11,18506","-40,51302"
291750,"X",2015,28,"JACOBINA","S","-11,18506","-40,51302"
291750,"X",2016,37,"JACOBINA","S","-11,18506","-40,51302"
291750,"X",2017,60,"JACOBINA","S","-11,18506","-40,51302"
291750,"XVIII",2006,161,"JACOBINA","S","-11,18506","-40,51302"
291750,"XVIII",2007,102,"JACOBINA","S","-11,18506","-40,51302"
291750,"XVIII",2008,112,"JACOBINA","S","-11,18506","-40,51302"
291750,"XVIII",2009,119,"JACOBINA","S","-11,18506","-40,51302"
291750,"XVIII",2010,119,"JACOBINA","S","-11,18506","-40,51302"
291750,"XVIII",2011,95,"JACOBINA","S","-11,18506","-40,51302"
291750,"XVIII",2012,142,"JACOBINA","S","-11,18506","-40,51302"
291750,"XVIII",2013,126,"JACOBINA","S","-11,18506","-40,51302"
291750,"XVIII",2014,207,"JACOBINA","S","-11,18506","-40,51302"
291750,"XVIII",2015,155,"JACOBINA","S","-11,18506","-40,51302"
291750,"XVIII",2016,103,"JACOBINA","S","-11,18506","-40,51302"
291750,"XVIII",2017,69,"JACOBINA","S","-11,18506","-40,51302"
291750,"XX",2006,47,"JACOBINA","S","-11,18506","-40,51302"
291750,"XX",2007,41,"JACOBINA","S","-11,18506","-40,51302"
291750,"XX",2008,33,"JACOBINA","S","-11,18506","-40,51302"
291750,"XX",2009,147,"JACOBINA","S","-11,18506","-40,51302"
291750,"XX",2010,184,"JACOBINA","S","-11,18506","-40,51302"
291750,"XX",2011,61,"JACOBINA","S","-11,18506","-40,51302"
291750,"XX",2012,56,"JACOBINA","S","-11,18506","-40,51302"
291750,"XX",2013,81,"JACOBINA","S","-11,18506","-40,51302"
291750,"XX",2014,198,"JACOBINA","S","-11,18506","-40,51302"
291750,"XX",2015,96,"JACOBINA","S","-11,18506","-40,51302"
291750,"XX",2016,88,"JACOBINA","S","-11,18506","-40,51302"
291750,"XX",2017,75,"JACOBINA","S","-11,18506","-40,51302"
291800,"II",2006,84,"JEQUIE","N","-13,85566","-40,08861"
291800,"II",2007,81,"JEQUIE","N","-13,85566","-40,08861"
291800,"II",2008,99,"JEQUIE","N","-13,85566","-40,08861"
291800,"II",2009,103,"JEQUIE","N","-13,85566","-40,08861"
291800,"II",2010,119,"JEQUIE","N","-13,85566","-40,08861"
291800,"II",2011,104,"JEQUIE","N","-13,85566","-40,08861"
291800,"II",2012,129,"JEQUIE","N","-13,85566","-40,08861"
291800,"II",2013,112,"JEQUIE","N","-13,85566","-40,08861"
291800,"II",2014,89,"JEQUIE","N","-13,85566","-40,08861"
291800,"II",2015,100,"JEQUIE","N","-13,85566","-40,08861"
291800,"II",2016,112,"JEQUIE","N","-13,85566","-40,08861"
291800,"II",2017,125,"JEQUIE","N","-13,85566","-40,08861"
291800,"IX",2006,322,"JEQUIE","N","-13,85566","-40,08861"
291800,"IX",2007,334,"JEQUIE","N","-13,85566","-40,08861"
291800,"IX",2008,327,"JEQUIE","N","-13,85566","-40,08861"
291800,"IX",2009,296,"JEQUIE","N","-13,85566","-40,08861"
291800,"IX",2010,312,"JEQUIE","N","-13,85566","-40,08861"
291800,"IX",2011,312,"JEQUIE","N","-13,85566","-40,08861"
291800,"IX",2012,358,"JEQUIE","N","-13,85566","-40,08861"
291800,"IX",2013,300,"JEQUIE","N","-13,85566","-40,08861"
291800,"IX",2014,261,"JEQUIE","N","-13,85566","-40,08861"
291800,"IX",2015,226,"JEQUIE","N","-13,85566","-40,08861"
291800,"IX",2016,282,"JEQUIE","N","-13,85566","-40,08861"
291800,"IX",2017,265,"JEQUIE","N","-13,85566","-40,08861"
291800,"X",2006,82,"JEQUIE","N","-13,85566","-40,08861"
291800,"X",2007,72,"JEQUIE","N","-13,85566","-40,08861"
291800,"X",2008,77,"JEQUIE","N","-13,85566","-40,08861"
291800,"X",2009,91,"JEQUIE","N","-13,85566","-40,08861"
291800,"X",2010,85,"JEQUIE","N","-13,85566","-40,08861"
291800,"X",2011,92,"JEQUIE","N","-13,85566","-40,08861"
291800,"X",2012,108,"JEQUIE","N","-13,85566","-40,08861"
291800,"X",2013,118,"JEQUIE","N","-13,85566","-40,08861"
291800,"X",2014,125,"JEQUIE","N","-13,85566","-40,08861"
291800,"X",2015,103,"JEQUIE","N","-13,85566","-40,08861"
291800,"X",2016,107,"JEQUIE","N","-13,85566","-40,08861"
291800,"X",2017,103,"JEQUIE","N","-13,85566","-40,08861"
291800,"XVIII",2006,149,"JEQUIE","N","-13,85566","-40,08861"
291800,"XVIII",2007,146,"JEQUIE","N","-13,85566","-40,08861"
291800,"XVIII",2008,159,"JEQUIE","N","-13,85566","-40,08861"
291800,"XVIII",2009,182,"JEQUIE","N","-13,85566","-40,08861"
291800,"XVIII",2010,251,"JEQUIE","N","-13,85566","-40,08861"
291800,"XVIII",2011,272,"JEQUIE","N","-13,85566","-40,08861"
291800,"XVIII",2012,204,"JEQUIE","N","-13,85566","-40,08861"
291800,"XVIII",2013,238,"JEQUIE","N","-13,85566","-40,08861"
291800,"XVIII",2014,253,"JEQUIE","N","-13,85566","-40,08861"
291800,"XVIII",2015,349,"JEQUIE","N","-13,85566","-40,08861"
291800,"XVIII",2016,276,"JEQUIE","N","-13,85566","-40,08861"
291800,"XVIII",2017,309,"JEQUIE","N","-13,85566","-40,08861"
291800,"XX",2006,86,"JEQUIE","N","-13,85566","-40,08861"
291800,"XX",2007,89,"JEQUIE","N","-13,85566","-40,08861"
291800,"XX",2008,126,"JEQUIE","N","-13,85566","-40,08861"
291800,"XX",2009,135,"JEQUIE","N","-13,85566","-40,08861"
291800,"XX",2010,171,"JEQUIE","N","-13,85566","-40,08861"
291800,"XX",2011,142,"JEQUIE","N","-13,85566","-40,08861"
291800,"XX",2012,211,"JEQUIE","N","-13,85566","-40,08861"
291800,"XX",2013,190,"JEQUIE","N","-13,85566","-40,08861"
291800,"XX",2014,227,"JEQUIE","N","-13,85566","-40,08861"
291800,"XX",2015,216,"JEQUIE","N","-13,85566","-40,08861"
291800,"XX",2016,220,"JEQUIE","N","-13,85566","-40,08861"
291800,"XX",2017,213,"JEQUIE","N","-13,85566","-40,08861"
291840,"II",2006,84,"JUAZEIRO","N","-9,41072","-40,50355"
291840,"II",2007,92,"JUAZEIRO","N","-9,41072","-40,50355"
291840,"II",2008,80,"JUAZEIRO","N","-9,41072","-40,50355"
291840,"II",2009,90,"JUAZEIRO","N","-9,41072","-40,50355"
291840,"II",2010,133,"JUAZEIRO","N","-9,41072","-40,50355"
291840,"II",2011,160,"JUAZEIRO","N","-9,41072","-40,50355"
291840,"II",2012,198,"JUAZEIRO","N","-9,41072","-40,50355"
291840,"II",2013,225,"JUAZEIRO","N","-9,41072","-40,50355"
291840,"II",2014,215,"JUAZEIRO","N","-9,41072","-40,50355"
291840,"II",2015,209,"JUAZEIRO","N","-9,41072","-40,50355"
291840,"II",2016,187,"JUAZEIRO","N","-9,41072","-40,50355"
291840,"II",2017,193,"JUAZEIRO","N","-9,41072","-40,50355"
291840,"IX",2006,281,"JUAZEIRO","N","-9,41072","-40,50355"
291840,"IX",2007,304,"JUAZEIRO","N","-9,41072","-40,50355"
291840,"IX",2008,297,"JUAZEIRO","N","-9,41072","-40,50355"
291840,"IX",2009,247,"JUAZEIRO","N","-9,41072","-40,50355"
291840,"IX",2010,287,"JUAZEIRO","N","-9,41072","-40,50355"
291840,"IX",2011,306,"JUAZEIRO","N","-9,41072","-40,50355"
291840,"IX",2012,333,"JUAZEIRO","N","-9,41072","-40,50355"
291840,"IX",2013,314,"JUAZEIRO","N","-9,41072","-40,50355"
291840,"IX",2014,325,"JUAZEIRO","N","-9,41072","-40,50355"
291840,"IX",2015,295,"JUAZEIRO","N","-9,41072","-40,50355"
291840,"IX",2016,294,"JUAZEIRO","N","-9,41072","-40,50355"
291840,"IX",2017,241,"JUAZEIRO","N","-9,41072","-40,50355"
291840,"X",2006,68,"JUAZEIRO","N","-9,41072","-40,50355"
291840,"X",2007,78,"JUAZEIRO","N","-9,41072","-40,50355"
291840,"X",2008,85,"JUAZEIRO","N","-9,41072","-40,50355"
291840,"X",2009,100,"JUAZEIRO","N","-9,41072","-40,50355"
291840,"X",2010,97,"JUAZEIRO","N","-9,41072","-40,50355"
291840,"X",2011,122,"JUAZEIRO","N","-9,41072","-40,50355"
291840,"X",2012,104,"JUAZEIRO","N","-9,41072","-40,50355"
291840,"X",2013,129,"JUAZEIRO","N","-9,41072","-40,50355"
291840,"X",2014,111,"JUAZEIRO","N","-9,41072","-40,50355"
291840,"X",2015,131,"JUAZEIRO","N","-9,41072","-40,50355"
291840,"X",2016,134,"JUAZEIRO","N","-9,41072","-40,50355"
291840,"X",2017,118,"JUAZEIRO","N","-9,41072","-40,50355"
291840,"XVIII",2006,169,"JUAZEIRO","N","-9,41072","-40,50355"
291840,"XVIII",2007,100,"JUAZEIRO","N","-9,41072","-40,50355"
291840,"XVIII",2008,196,"JUAZEIRO","N","-9,41072","-40,50355"
291840,"XVIII",2009,289,"JUAZEIRO","N","-9,41072","-40,50355"
291840,"XVIII",2010,238,"JUAZEIRO","N","-9,41072","-40,50355"
291840,"XVIII",2011,265,"JUAZEIRO","N","-9,41072","-40,50355"
291840,"XVIII",2012,206,"JUAZEIRO","N","-9,41072","-40,50355"
291840,"XVIII",2013,178,"JUAZEIRO","N","-9,41072","-40,50355"
291840,"XVIII",2014,162,"JUAZEIRO","N","-9,41072","-40,50355"
291840,"XVIII",2015,159,"JUAZEIRO","N","-9,41072","-40,50355"
291840,"XVIII",2016,196,"JUAZEIRO","N","-9,41072","-40,50355"
291840,"XVIII",2017,235,"JUAZEIRO","N","-9,41072","-40,50355"
291840,"XX",2006,221,"JUAZEIRO","N","-9,41072","-40,50355"
291840,"XX",2007,205,"JUAZEIRO","N","-9,41072","-40,50355"
291840,"XX",2008,223,"JUAZEIRO","N","-9,41072","-40,50355"
291840,"XX",2009,200,"JUAZEIRO","N","-9,41072","-40,50355"
291840,"XX",2010,182,"JUAZEIRO","N","-9,41072","-40,50355"
291840,"XX",2011,225,"JUAZEIRO","N","-9,41072","-40,50355"
291840,"XX",2012,199,"JUAZEIRO","N","-9,41072","-40,50355"
291840,"XX",2013,183,"JUAZEIRO","N","-9,41072","-40,50355"
291840,"XX",2014,171,"JUAZEIRO","N","-9,41072","-40,50355"
291840,"XX",2015,183,"JUAZEIRO","N","-9,41072","-40,50355"
291840,"XX",2016,176,"JUAZEIRO","N","-9,41072","-40,50355"
291840,"XX",2017,180,"JUAZEIRO","N","-9,41072","-40,50355"
292510,"II",2006,26,"POCOES","S","-14,52232","-40,36513"
292510,"II",2007,27,"POCOES","S","-14,52232","-40,36513"
292510,"II",2008,25,"POCOES","S","-14,52232","-40,36513"
292510,"II",2009,20,"POCOES","S","-14,52232","-40,36513"
292510,"II",2010,24,"POCOES","S","-14,52232","-40,36513"
292510,"II",2011,16,"POCOES","S","-14,52232","-40,36513"
292510,"II",2012,43,"POCOES","S","-14,52232","-40,36513"
292510,"II",2013,29,"POCOES","S","-14,52232","-40,36513"
292510,"II",2014,30,"POCOES","S","-14,52232","-40,36513"
292510,"II",2015,33,"POCOES","S","-14,52232","-40,36513"
292510,"II",2016,31,"POCOES","S","-14,52232","-40,36513"
292510,"II",2017,36,"POCOES","S","-14,52232","-40,36513"
292510,"IX",2006,98,"POCOES","S","-14,52232","-40,36513"
292510,"IX",2007,83,"POCOES","S","-14,52232","-40,36513"
292510,"IX",2008,43,"POCOES","S","-14,52232","-40,36513"
292510,"IX",2009,89,"POCOES","S","-14,52232","-40,36513"
292510,"IX",2010,54,"POCOES","S","-14,52232","-40,36513"
292510,"IX",2011,27,"POCOES","S","-14,52232","-40,36513"
292510,"IX",2012,75,"POCOES","S","-14,52232","-40,36513"
292510,"IX",2013,77,"POCOES","S","-14,52232","-40,36513"
292510,"IX",2014,80,"POCOES","S","-14,52232","-40,36513"
292510,"IX",2015,82,"POCOES","S","-14,52232","-40,36513"
292510,"IX",2016,72,"POCOES","S","-14,52232","-40,36513"
292510,"IX",2017,65,"POCOES","S","-14,52232","-40,36513"
292510,"X",2006,18,"POCOES","S","-14,52232","-40,36513"
292510,"X",2007,13,"POCOES","S","-14,52232","-40,36513"
292510,"X",2008,11,"POCOES","S","-14,52232","-40,36513"
292510,"X",2009,15,"POCOES","S","-14,52232","-40,36513"
292510,"X",2010,18,"POCOES","S","-14,52232","-40,36513"
292510,"X",2011,1,"POCOES","S","-14,52232","-40,36513"
292510,"X",2012,11,"POCOES","S","-14,52232","-40,36513"
292510,"X",2013,10,"POCOES","S","-14,52232","-40,36513"
292510,"X",2014,7,"POCOES","S","-14,52232","-40,36513"
292510,"X",2015,10,"POCOES","S","-14,52232","-40,36513"
292510,"X",2016,19,"POCOES","S","-14,52232","-40,36513"
292510,"X",2017,18,"POCOES","S","-14,52232","-40,36513"
292510,"XVIII",2006,15,"POCOES","S","-14,52232","-40,36513"
292510,"XVIII",2007,40,"POCOES","S","-14,52232","-40,36513"
292510,"XVIII",2008,94,"POCOES","S","-14,52232","-40,36513"
292510,"XVIII",2009,42,"POCOES","S","-14,52232","-40,36513"
292510,"XVIII",2010,51,"POCOES","S","-14,52232","-40,36513"
292510,"XVIII",2011,145,"POCOES","S","-14,52232","-40,36513"
292510,"XVIII",2012,31,"POCOES","S","-14,52232","-40,36513"
292510,"XVIII",2013,42,"POCOES","S","-14,52232","-40,36513"
292510,"XVIII",2014,41,"POCOES","S","-14,52232","-40,36513"
292510,"XVIII",2015,36,"POCOES","S","-14,52232","-40,36513"
292510,"XVIII",2016,81,"POCOES","S","-14,52232","-40,36513"
292510,"XVIII",2017,76,"POCOES","S","-14,52232","-40,36513"
292510,"XX",2006,15,"POCOES","S","-14,52232","-40,36513"
292510,"XX",2007,16,"POCOES","S","-14,52232","-40,36513"
292510,"XX",2008,25,"POCOES","S","-14,52232","-40,36513"
292510,"XX",2009,28,"POCOES","S","-14,52232","-40,36513"
292510,"XX",2010,25,"POCOES","S","-14,52232","-40,36513"
292510,"XX",2011,22,"POCOES","S","-14,52232","-40,36513"
292510,"XX",2012,35,"POCOES","S","-14,52232","-40,36513"
292510,"XX",2013,32,"POCOES","S","-14,52232","-40,36513"
292510,"XX",2014,22,"POCOES","S","-14,52232","-40,36513"
292510,"XX",2015,36,"POCOES","S","-14,52232","-40,36513"
292510,"XX",2016,38,"POCOES","S","-14,52232","-40,36513"
292510,"XX",2017,39,"POCOES","S","-14,52232","-40,36513"
292660,"II",2006,23,"RIBEIRA DO POMBAL","S","-10,83628","-38,53610"
292660,"II",2007,28,"RIBEIRA DO POMBAL","S","-10,83628","-38,53610"
292660,"II",2008,19,"RIBEIRA DO POMBAL","S","-10,83628","-38,53610"
292660,"II",2009,22,"RIBEIRA DO POMBAL","S","-10,83628","-38,53610"
292660,"II",2010,27,"RIBEIRA DO POMBAL","S","-10,83628","-38,53610"
292660,"II",2011,36,"RIBEIRA DO POMBAL","S","-10,83628","-38,53610"
292660,"II",2012,25,"RIBEIRA DO POMBAL","S","-10,83628","-38,53610"
292660,"II",2013,32,"RIBEIRA DO POMBAL","S","-10,83628","-38,53610"
292660,"II",2014,31,"RIBEIRA DO POMBAL","S","-10,83628","-38,53610"
292660,"II",2015,38,"RIBEIRA DO POMBAL","S","-10,83628","-38,53610"
292660,"II",2016,27,"RIBEIRA DO POMBAL","S","-10,83628","-38,53610"
292660,"II",2017,48,"RIBEIRA DO POMBAL","S","-10,83628","-38,53610"
292660,"IX",2006,82,"RIBEIRA DO POMBAL","S","-10,83628","-38,53610"
292660,"IX",2007,80,"RIBEIRA DO POMBAL","S","-10,83628","-38,53610"
292660,"IX",2008,76,"RIBEIRA DO POMBAL","S","-10,83628","-38,53610"
292660,"IX",2009,76,"RIBEIRA DO POMBAL","S","-10,83628","-38,53610"
292660,"IX",2010,86,"RIBEIRA DO POMBAL","S","-10,83628","-38,53610"
292660,"IX",2011,90,"RIBEIRA DO POMBAL","S","-10,83628","-38,53610"
292660,"IX",2012,110,"RIBEIRA DO POMBAL","S","-10,83628","-38,53610"
292660,"IX",2013,106,"RIBEIRA DO POMBAL","S","-10,83628","-38,53610"
292660,"IX",2014,124,"RIBEIRA DO POMBAL","S","-10,83628","-38,53610"
292660,"IX",2015,133,"RIBEIRA DO POMBAL","S","-10,83628","-38,53610"
292660,"IX",2016,109,"RIBEIRA DO POMBAL","S","-10,83628","-38,53610"
292660,"IX",2017,134,"RIBEIRA DO POMBAL","S","-10,83628","-38,53610"
292660,"X",2006,21,"RIBEIRA DO POMBAL","S","-10,83628","-38,53610"
292660,"X",2007,21,"RIBEIRA DO POMBAL","S","-10,83628","-38,53610"
292660,"X",2008,29,"RIBEIRA DO POMBAL","S","-10,83628","-38,53610"
292660,"X",2009,31,"RIBEIRA DO POMBAL","S","-10,83628","-38,53610"
292660,"X",2010,21,"RIBEIRA DO POMBAL","S","-10,83628","-38,53610"
292660,"X",2011,34,"RIBEIRA DO POMBAL","S","-10,83628","-38,53610"
292660,"X",2012,41,"RIBEIRA DO POMBAL","S","-10,83628","-38,53610"
292660,"X",2013,53,"RIBEIRA DO POMBAL","S","-10,83628","-38,53610"
292660,"X",2014,48,"RIBEIRA DO POMBAL","S","-10,83628","-38,53610"
292660,"X",2015,59,"RIBEIRA DO POMBAL","S","-10,83628","-38,53610"
292660,"X",2016,53,"RIBEIRA DO POMBAL","S","-10,83628","-38,53610"
292660,"X",2017,59,"RIBEIRA DO POMBAL","S","-10,83628","-38,53610"
292660,"XVIII",2006,100,"RIBEIRA DO POMBAL","S","-10,83628","-38,53610"
292660,"XVIII",2007,23,"RIBEIRA DO POMBAL","S","-10,83628","-38,53610"
292660,"XVIII",2008,27,"RIBEIRA DO POMBAL","S","-10,83628","-38,53610"
292660,"XVIII",2009,15,"RIBEIRA DO POMBAL","S","-10,83628","-38,53610"
292660,"XVIII",2010,62,"RIBEIRA DO POMBAL","S","-10,83628","-38,53610"
292660,"XVIII",2011,52,"RIBEIRA DO POMBAL","S","-10,83628","-38,53610"
292660,"XVIII",2012,113,"RIBEIRA DO POMBAL","S","-10,83628","-38,53610"
292660,"XVIII",2013,90,"RIBEIRA DO POMBAL","S","-10,83628","-38,53610"
292660,"XVIII",2014,94,"RIBEIRA DO POMBAL","S","-10,83628","-38,53610"
292660,"XVIII",2015,103,"RIBEIRA DO POMBAL","S","-10,83628","-38,53610"
292660,"XVIII",2016,105,"RIBEIRA DO POMBAL","S","-10,83628","-38,53610"
292660,"XVIII",2017,117,"RIBEIRA DO POMBAL","S","-10,83628","-38,53610"
292660,"XX",2006,15,"RIBEIRA DO POMBAL","S","-10,83628","-38,53610"
292660,"XX",2007,12,"RIBEIRA DO POMBAL","S","-10,83628","-38,53610"
292660,"XX",2008,15,"RIBEIRA DO POMBAL","S","-10,83628","-38,53610"
292660,"XX",2009,32,"RIBEIRA DO POMBAL","S","-10,83628","-38,53610"
292660,"XX",2010,27,"RIBEIRA DO POMBAL","S","-10,83628","-38,53610"
292660,"XX",2011,18,"RIBEIRA DO POMBAL","S","-10,83628","-38,53610"
292660,"XX",2012,40,"RIBEIRA DO POMBAL","S","-10,83628","-38,53610"
292660,"XX",2013,41,"RIBEIRA DO POMBAL","S","-10,83628","-38,53610"
292660,"XX",2014,40,"RIBEIRA DO POMBAL","S","-10,83628","-38,53610"
292660,"XX",2015,45,"RIBEIRA DO POMBAL","S","-10,83628","-38,53610"
292660,"XX",2016,54,"RIBEIRA DO POMBAL","S","-10,83628","-38,53610"
292660,"XX",2017,59,"RIBEIRA DO POMBAL","S","-10,83628","-38,53610"
292740,"II",2006,3251,"SALVADOR","N","-13,01477","-38,48806"
292740,"II",2007,3384,"SALVADOR","N","-13,01477","-38,48806"
292740,"II",2008,3408,"SALVADOR","N","-13,01477","-38,48806"
292740,"II",2009,3673,"SALVADOR","N","-13,01477","-38,48806"
292740,"II",2010,3798,"SALVADOR","N","-13,01477","-38,48806"
292740,"II",2011,4041,"SALVADOR","N","-13,01477","-38,48806"
292740,"II",2012,3986,"SALVADOR","N","-13,01477","-38,48806"
292740,"II",2013,4137,"SALVADOR","N","-13,01477","-38,48806"
292740,"II",2014,4333,"SALVADOR","N","-13,01477","-38,48806"
292740,"II",2015,4455,"SALVADOR","N","-13,01477","-38,48806"
292740,"II",2016,4583,"SALVADOR","N","-13,01477","-38,48806"
292740,"II",2017,4863,"SALVADOR","N","-13,01477","-38,48806"
292740,"IX",2006,4490,"SALVADOR","N","-13,01477","-38,48806"
292740,"IX",2007,4260,"SALVADOR","N","-13,01477","-38,48806"
292740,"IX",2008,4084,"SALVADOR","N","-13,01477","-38,48806"
292740,"IX",2009,4043,"SALVADOR","N","-13,01477","-38,48806"
292740,"IX",2010,4272,"SALVADOR","N","-13,01477","-38,48806"
292740,"IX",2011,4333,"SALVADOR","N","-13,01477","-38,48806"
292740,"IX",2012,4288,"SALVADOR","N","-13,01477","-38,48806"
292740,"IX",2013,4264,"SALVADOR","N","-13,01477","-38,48806"
292740,"IX",2014,4671,"SALVADOR","N","-13,01477","-38,48806"
292740,"IX",2015,4332,"SALVADOR","N","-13,01477","-38,48806"
292740,"IX",2016,3972,"SALVADOR","N","-13,01477","-38,48806"
292740,"IX",2017,4095,"SALVADOR","N","-13,01477","-38,48806"
292740,"X",2006,1795,"SALVADOR","N","-13,01477","-38,48806"
292740,"X",2007,1739,"SALVADOR","N","-13,01477","-38,48806"
292740,"X",2008,1607,"SALVADOR","N","-13,01477","-38,48806"
292740,"X",2009,1609,"SALVADOR","N","-13,01477","-38,48806"
292740,"X",2010,1860,"SALVADOR","N","-13,01477","-38,48806"
292740,"X",2011,1951,"SALVADOR","N","-13,01477","-38,48806"
292740,"X",2012,1748,"SALVADOR","N","-13,01477","-38,48806"
292740,"X",2013,1911,"SALVADOR","N","-13,01477","-38,48806"
292740,"X",2014,1839,"SALVADOR","N","-13,01477","-38,48806"
292740,"X",2015,2067,"SALVADOR","N","-13,01477","-38,48806"
292740,"X",2016,1816,"SALVADOR","N","-13,01477","-38,48806"
292740,"X",2017,1586,"SALVADOR","N","-13,01477","-38,48806"
292740,"XVIII",2006,347,"SALVADOR","N","-13,01477","-38,48806"
292740,"XVIII",2007,640,"SALVADOR","N","-13,01477","-38,48806"
292740,"XVIII",2008,965,"SALVADOR","N","-13,01477","-38,48806"
292740,"XVIII",2009,1161,"SALVADOR","N","-13,01477","-38,48806"
292740,"XVIII",2010,383,"SALVADOR","N","-13,01477","-38,48806"
292740,"XVIII",2011,485,"SALVADOR","N","-13,01477","-38,48806"
292740,"XVIII",2012,627,"SALVADOR","N","-13,01477","-38,48806"
292740,"XVIII",2013,509,"SALVADOR","N","-13,01477","-38,48806"
292740,"XVIII",2014,462,"SALVADOR","N","-13,01477","-38,48806"
292740,"XVIII",2015,627,"SALVADOR","N","-13,01477","-38,48806"
292740,"XVIII",2016,661,"SALVADOR","N","-13,01477","-38,48806"
292740,"XVIII",2017,816,"SALVADOR","N","-13,01477","-38,48806"
292740,"XX",2006,2213,"SALVADOR","N","-13,01477","-38,48806"
292740,"XX",2007,2566,"SALVADOR","N","-13,01477","-38,48806"
292740,"XX",2008,2940,"SALVADOR","N","-13,01477","-38,48806"
292740,"XX",2009,3153,"SALVADOR","N","-13,01477","-38,48806"
292740,"XX",2010,3181,"SALVADOR","N","-13,01477","-38,48806"
292740,"XX",2011,2905,"SALVADOR","N","-13,01477","-38,48806"
292740,"XX",2012,3198,"SALVADOR","N","-13,01477","-38,48806"
292740,"XX",2013,2780,"SALVADOR","N","-13,01477","-38,48806"
292740,"XX",2014,2739,"SALVADOR","N","-13,01477","-38,48806"
292740,"XX",2015,2745,"SALVADOR","N","-13,01477","-38,48806"
292740,"XX",2016,2728,"SALVADOR","N","-13,01477","-38,48806"
292740,"XX",2017,2913,"SALVADOR","N","-13,01477","-38,48806"
293010,"II",2006,33,"SENHOR DO BONFIM","S","-10,45677","-40,18998"
293010,"II",2007,27,"SENHOR DO BONFIM","S","-10,45677","-40,18998"
293010,"II",2008,26,"SENHOR DO BONFIM","S","-10,45677","-40,18998"
293010,"II",2009,50,"SENHOR DO BONFIM","S","-10,45677","-40,18998"
293010,"II",2010,28,"SENHOR DO BONFIM","S","-10,45677","-40,18998"
293010,"II",2011,32,"SENHOR DO BONFIM","S","-10,45677","-40,18998"
293010,"II",2012,30,"SENHOR DO BONFIM","S","-10,45677","-40,18998"
293010,"II",2013,31,"SENHOR DO BONFIM","S","-10,45677","-40,18998"
293010,"II",2014,45,"SENHOR DO BONFIM","S","-10,45677","-40,18998"
293010,"II",2015,46,"SENHOR DO BONFIM","S","-10,45677","-40,18998"
293010,"II",2016,38,"SENHOR DO BONFIM","S","-10,45677","-40,18998"
293010,"II",2017,55,"SENHOR DO BONFIM","S","-10,45677","-40,18998"
293010,"IX",2006,91,"SENHOR DO BONFIM","S","-10,45677","-40,18998"
293010,"IX",2007,120,"SENHOR DO BONFIM","S","-10,45677","-40,18998"
293010,"IX",2008,92,"SENHOR DO BONFIM","S","-10,45677","-40,18998"
293010,"IX",2009,125,"SENHOR DO BONFIM","S","-10,45677","-40,18998"
293010,"IX",2010,82,"SENHOR DO BONFIM","S","-10,45677","-40,18998"
293010,"IX",2011,88,"SENHOR DO BONFIM","S","-10,45677","-40,18998"
293010,"IX",2012,88,"SENHOR DO BONFIM","S","-10,45677","-40,18998"
293010,"IX",2013,118,"SENHOR DO BONFIM","S","-10,45677","-40,18998"
293010,"IX",2014,106,"SENHOR DO BONFIM","S","-10,45677","-40,18998"
293010,"IX",2015,103,"SENHOR DO BONFIM","S","-10,45677","-40,18998"
293010,"IX",2016,156,"SENHOR DO BONFIM","S","-10,45677","-40,18998"
293010,"IX",2017,141,"SENHOR DO BONFIM","S","-10,45677","-40,18998"
293010,"X",2006,20,"SENHOR DO BONFIM","S","-10,45677","-40,18998"
293010,"X",2007,31,"SENHOR DO BONFIM","S","-10,45677","-40,18998"
293010,"X",2008,44,"SENHOR DO BONFIM","S","-10,45677","-40,18998"
293010,"X",2009,39,"SENHOR DO BONFIM","S","-10,45677","-40,18998"
293010,"X",2010,30,"SENHOR DO BONFIM","S","-10,45677","-40,18998"
293010,"X",2011,31,"SENHOR DO BONFIM","S","-10,45677","-40,18998"
293010,"X",2012,34,"SENHOR DO BONFIM","S","-10,45677","-40,18998"
293010,"X",2013,30,"SENHOR DO BONFIM","S","-10,45677","-40,18998"
293010,"X",2014,23,"SENHOR DO BONFIM","S","-10,45677","-40,18998"
293010,"X",2015,28,"SENHOR DO BONFIM","S","-10,45677","-40,18998"
293010,"X",2016,24,"SENHOR DO BONFIM","S","-10,45677","-40,18998"
293010,"X",2017,30,"SENHOR DO BONFIM","S","-10,45677","-40,18998"
293010,"XVIII",2006,97,"SENHOR DO BONFIM","S","-10,45677","-40,18998"
293010,"XVIII",2007,57,"SENHOR DO BONFIM","S","-10,45677","-40,18998"
293010,"XVIII",2008,99,"SENHOR DO BONFIM","S","-10,45677","-40,18998"
293010,"XVIII",2009,84,"SENHOR DO BONFIM","S","-10,45677","-40,18998"
293010,"XVIII",2010,130,"SENHOR DO BONFIM","S","-10,45677","-40,18998"
293010,"XVIII",2011,101,"SENHOR DO BONFIM","S","-10,45677","-40,18998"
293010,"XVIII",2012,126,"SENHOR DO BONFIM","S","-10,45677","-40,18998"
293010,"XVIII",2013,93,"SENHOR DO BONFIM","S","-10,45677","-40,18998"
293010,"XVIII",2014,122,"SENHOR DO BONFIM","S","-10,45677","-40,18998"
293010,"XVIII",2015,195,"SENHOR DO BONFIM","S","-10,45677","-40,18998"
293010,"XVIII",2016,152,"SENHOR DO BONFIM","S","-10,45677","-40,18998"
293010,"XVIII",2017,80,"SENHOR DO BONFIM","S","-10,45677","-40,18998"
293010,"XX",2006,13,"SENHOR DO BONFIM","S","-10,45677","-40,18998"
293010,"XX",2007,38,"SENHOR DO BONFIM","S","-10,45677","-40,18998"
293010,"XX",2008,35,"SENHOR DO BONFIM","S","-10,45677","-40,18998"
293010,"XX",2009,37,"SENHOR DO BONFIM","S","-10,45677","-40,18998"
293010,"XX",2010,40,"SENHOR DO BONFIM","S","-10,45677","-40,18998"
293010,"XX",2011,24,"SENHOR DO BONFIM","S","-10,45677","-40,18998"
293010,"XX",2012,33,"SENHOR DO BONFIM","S","-10,45677","-40,18998"
293010,"XX",2013,53,"SENHOR DO BONFIM","S","-10,45677","-40,18998"
293010,"XX",2014,57,"SENHOR DO BONFIM","S","-10,45677","-40,18998"
293010,"XX",2015,59,"SENHOR DO BONFIM","S","-10,45677","-40,18998"
293010,"XX",2016,39,"SENHOR DO BONFIM","S","-10,45677","-40,18998"
293010,"XX",2017,46,"SENHOR DO BONFIM","S","-10,45677","-40,18998"
293050,"II",2006,13,"SERRINHA","S","-11,65953","-39,00813"
293050,"II",2007,6,"SERRINHA","S","-11,65953","-39,00813"
293050,"II",2008,13,"SERRINHA","S","-11,65953","-39,00813"
293050,"II",2009,15,"SERRINHA","S","-11,65953","-39,00813"
293050,"II",2010,15,"SERRINHA","S","-11,65953","-39,00813"
293050,"II",2011,18,"SERRINHA","S","-11,65953","-39,00813"
293050,"II",2012,21,"SERRINHA","S","-11,65953","-39,00813"
293050,"II",2013,17,"SERRINHA","S","-11,65953","-39,00813"
293050,"II",2014,19,"SERRINHA","S","-11,65953","-39,00813"
293050,"II",2015,17,"SERRINHA","S","-11,65953","-39,00813"
293050,"II",2016,37,"SERRINHA","S","-11,65953","-39,00813"
293050,"II",2017,27,"SERRINHA","S","-11,65953","-39,00813"
293050,"IX",2006,63,"SERRINHA","S","-11,65953","-39,00813"
293050,"IX",2007,37,"SERRINHA","S","-11,65953","-39,00813"
293050,"IX",2008,46,"SERRINHA","S","-11,65953","-39,00813"
293050,"IX",2009,50,"SERRINHA","S","-11,65953","-39,00813"
293050,"IX",2010,57,"SERRINHA","S","-11,65953","-39,00813"
293050,"IX",2011,82,"SERRINHA","S","-11,65953","-39,00813"
293050,"IX",2012,71,"SERRINHA","S","-11,65953","-39,00813"
293050,"IX",2013,77,"SERRINHA","S","-11,65953","-39,00813"
293050,"IX",2014,81,"SERRINHA","S","-11,65953","-39,00813"
293050,"IX",2015,127,"SERRINHA","S","-11,65953","-39,00813"
293050,"IX",2016,97,"SERRINHA","S","-11,65953","-39,00813"
293050,"IX",2017,86,"SERRINHA","S","-11,65953","-39,00813"
293050,"X",2006,18,"SERRINHA","S","-11,65953","-39,00813"
293050,"X",2007,7,"SERRINHA","S","-11,65953","-39,00813"
293050,"X",2008,16,"SERRINHA","S","-11,65953","-39,00813"
293050,"X",2009,6,"SERRINHA","S","-11,65953","-39,00813"
293050,"X",2010,17,"SERRINHA","S","-11,65953","-39,00813"
293050,"X",2011,14,"SERRINHA","S","-11,65953","-39,00813"
293050,"X",2012,29,"SERRINHA","S","-11,65953","-39,00813"
293050,"X",2013,26,"SERRINHA","S","-11,65953","-39,00813"
293050,"X",2014,20,"SERRINHA","S","-11,65953","-39,00813"
293050,"X",2015,33,"SERRINHA","S","-11,65953","-39,00813"
293050,"X",2016,37,"SERRINHA","S","-11,65953","-39,00813"
293050,"X",2017,31,"SERRINHA","S","-11,65953","-39,00813"
293050,"XVIII",2006,116,"SERRINHA","S","-11,65953","-39,00813"
293050,"XVIII",2007,105,"SERRINHA","S","-11,65953","-39,00813"
293050,"XVIII",2008,126,"SERRINHA","S","-11,65953","-39,00813"
293050,"XVIII",2009,75,"SERRINHA","S","-11,65953","-39,00813"
293050,"XVIII",2010,153,"SERRINHA","S","-11,65953","-39,00813"
293050,"XVIII",2011,116,"SERRINHA","S","-11,65953","-39,00813"
293050,"XVIII",2012,139,"SERRINHA","S","-11,65953","-39,00813"
293050,"XVIII",2013,107,"SERRINHA","S","-11,65953","-39,00813"
293050,"XVIII",2014,117,"SERRINHA","S","-11,65953","-39,00813"
293050,"XVIII",2015,111,"SERRINHA","S","-11,65953","-39,00813"
293050,"XVIII",2016,122,"SERRINHA","S","-11,65953","-39,00813"
293050,"XVIII",2017,140,"SERRINHA","S","-11,65953","-39,00813"
293050,"XX",2006,8,"SERRINHA","S","-11,65953","-39,00813"
293050,"XX",2007,19,"SERRINHA","S","-11,65953","-39,00813"
293050,"XX",2008,45,"SERRINHA","S","-11,65953","-39,00813"
293050,"XX",2009,46,"SERRINHA","S","-11,65953","-39,00813"
293050,"XX",2010,51,"SERRINHA","S","-11,65953","-39,00813"
293050,"XX",2011,44,"SERRINHA","S","-11,65953","-39,00813"
293050,"XX",2012,46,"SERRINHA","S","-11,65953","-39,00813"
293050,"XX",2013,69,"SERRINHA","S","-11,65953","-39,00813"
293050,"XX",2014,53,"SERRINHA","S","-11,65953","-39,00813"
293050,"XX",2015,56,"SERRINHA","S","-11,65953","-39,00813"
293050,"XX",2016,52,"SERRINHA","S","-11,65953","-39,00813"
293050,"XX",2017,77,"SERRINHA","S","-11,65953","-39,00813"
293135,"II",2006,65,"TEIXEIRA DE FREITAS","N","-17,53775","-39,74452"
293135,"II",2007,70,"TEIXEIRA DE FREITAS","N","-17,53775","-39,74452"
293135,"II",2008,79,"TEIXEIRA DE FREITAS","N","-17,53775","-39,74452"
293135,"II",2009,122,"TEIXEIRA DE FREITAS","N","-17,53775","-39,74452"
293135,"II",2010,147,"TEIXEIRA DE FREITAS","N","-17,53775","-39,74452"
293135,"II",2011,154,"TEIXEIRA DE FREITAS","N","-17,53775","-39,74452"
293135,"II",2012,156,"TEIXEIRA DE FREITAS","N","-17,53775","-39,74452"
293135,"II",2013,170,"TEIXEIRA DE FREITAS","N","-17,53775","-39,74452"
293135,"II",2014,162,"TEIXEIRA DE FREITAS","N","-17,53775","-39,74452"
293135,"II",2015,157,"TEIXEIRA DE FREITAS","N","-17,53775","-39,74452"
293135,"II",2016,188,"TEIXEIRA DE FREITAS","N","-17,53775","-39,74452"
293135,"II",2017,197,"TEIXEIRA DE FREITAS","N","-17,53775","-39,74452"
293135,"IX",2006,163,"TEIXEIRA DE FREITAS","N","-17,53775","-39,74452"
293135,"IX",2007,206,"TEIXEIRA DE FREITAS","N","-17,53775","-39,74452"
293135,"IX",2008,240,"TEIXEIRA DE FREITAS","N","-17,53775","-39,74452"
293135,"IX",2009,271,"TEIXEIRA DE FREITAS","N","-17,53775","-39,74452"
293135,"IX",2010,270,"TEIXEIRA DE FREITAS","N","-17,53775","-39,74452"
293135,"IX",2011,241,"TEIXEIRA DE FREITAS","N","-17,53775","-39,74452"
293135,"IX",2012,243,"TEIXEIRA DE FREITAS","N","-17,53775","-39,74452"
293135,"IX",2013,238,"TEIXEIRA DE FREITAS","N","-17,53775","-39,74452"
293135,"IX",2014,260,"TEIXEIRA DE FREITAS","N","-17,53775","-39,74452"
293135,"IX",2015,206,"TEIXEIRA DE FREITAS","N","-17,53775","-39,74452"
293135,"IX",2016,243,"TEIXEIRA DE FREITAS","N","-17,53775","-39,74452"
293135,"IX",2017,324,"TEIXEIRA DE FREITAS","N","-17,53775","-39,74452"
293135,"X",2006,66,"TEIXEIRA DE FREITAS","N","-17,53775","-39,74452"
293135,"X",2007,58,"TEIXEIRA DE FREITAS","N","-17,53775","-39,74452"
293135,"X",2008,67,"TEIXEIRA DE FREITAS","N","-17,53775","-39,74452"
293135,"X",2009,106,"TEIXEIRA DE FREITAS","N","-17,53775","-39,74452"
293135,"X",2010,90,"TEIXEIRA DE FREITAS","N","-17,53775","-39,74452"
293135,"X",2011,87,"TEIXEIRA DE FREITAS","N","-17,53775","-39,74452"
293135,"X",2012,98,"TEIXEIRA DE FREITAS","N","-17,53775","-39,74452"
293135,"X",2013,83,"TEIXEIRA DE FREITAS","N","-17,53775","-39,74452"
293135,"X",2014,86,"TEIXEIRA DE FREITAS","N","-17,53775","-39,74452"
293135,"X",2015,88,"TEIXEIRA DE FREITAS","N","-17,53775","-39,74452"
293135,"X",2016,96,"TEIXEIRA DE FREITAS","N","-17,53775","-39,74452"
293135,"X",2017,134,"TEIXEIRA DE FREITAS","N","-17,53775","-39,74452"
293135,"XVIII",2006,131,"TEIXEIRA DE FREITAS","N","-17,53775","-39,74452"
293135,"XVIII",2007,144,"TEIXEIRA DE FREITAS","N","-17,53775","-39,74452"
293135,"XVIII",2008,188,"TEIXEIRA DE FREITAS","N","-17,53775","-39,74452"
293135,"XVIII",2009,188,"TEIXEIRA DE FREITAS","N","-17,53775","-39,74452"
293135,"XVIII",2010,140,"TEIXEIRA DE FREITAS","N","-17,53775","-39,74452"
293135,"XVIII",2011,145,"TEIXEIRA DE FREITAS","N","-17,53775","-39,74452"
293135,"XVIII",2012,128,"TEIXEIRA DE FREITAS","N","-17,53775","-39,74452"
293135,"XVIII",2013,133,"TEIXEIRA DE FREITAS","N","-17,53775","-39,74452"
293135,"XVIII",2014,111,"TEIXEIRA DE FREITAS","N","-17,53775","-39,74452"
293135,"XVIII",2015,160,"TEIXEIRA DE FREITAS","N","-17,53775","-39,74452"
293135,"XVIII",2016,137,"TEIXEIRA DE FREITAS","N","-17,53775","-39,74452"
293135,"XVIII",2017,106,"TEIXEIRA DE FREITAS","N","-17,53775","-39,74452"
293135,"XX",2006,149,"TEIXEIRA DE FREITAS","N","-17,53775","-39,74452"
293135,"XX",2007,172,"TEIXEIRA DE FREITAS","N","-17,53775","-39,74452"
293135,"XX",2008,182,"TEIXEIRA DE FREITAS","N","-17,53775","-39,74452"
293135,"XX",2009,192,"TEIXEIRA DE FREITAS","N","-17,53775","-39,74452"
293135,"XX",2010,232,"TEIXEIRA DE FREITAS","N","-17,53775","-39,74452"
293135,"XX",2011,252,"TEIXEIRA DE FREITAS","N","-17,53775","-39,74452"
293135,"XX",2012,220,"TEIXEIRA DE FREITAS","N","-17,53775","-39,74452"
293135,"XX",2013,200,"TEIXEIRA DE FREITAS","N","-17,53775","-39,74452"
293135,"XX",2014,200,"TEIXEIRA DE FREITAS","N","-17,53775","-39,74452"
293135,"XX",2015,216,"TEIXEIRA DE FREITAS","N","-17,53775","-39,74452"
293135,"XX",2016,211,"TEIXEIRA DE FREITAS","N","-17,53775","-39,74452"
293135,"XX",2017,183,"TEIXEIRA DE FREITAS","N","-17,53775","-39,74452"
293330,"II",2006,253,"VITORIA DA CONQUISTA","N","-14,84800","-40,83981"
293330,"II",2007,251,"VITORIA DA CONQUISTA","N","-14,84800","-40,83981"
293330,"II",2008,301,"VITORIA DA CONQUISTA","N","-14,84800","-40,83981"
293330,"II",2009,287,"VITORIA DA CONQUISTA","N","-14,84800","-40,83981"
293330,"II",2010,309,"VITORIA DA CONQUISTA","N","-14,84800","-40,83981"
293330,"II",2011,305,"VITORIA DA CONQUISTA","N","-14,84800","-40,83981"
293330,"II",2012,372,"VITORIA DA CONQUISTA","N","-14,84800","-40,83981"
293330,"II",2013,366,"VITORIA DA CONQUISTA","N","-14,84800","-40,83981"
293330,"II",2014,382,"VITORIA DA CONQUISTA","N","-14,84800","-40,83981"
293330,"II",2015,417,"VITORIA DA CONQUISTA","N","-14,84800","-40,83981"
293330,"II",2016,461,"VITORIA DA CONQUISTA","N","-14,84800","-40,83981"
293330,"II",2017,478,"VITORIA DA CONQUISTA","N","-14,84800","-40,83981"
293330,"IX",2006,601,"VITORIA DA CONQUISTA","N","-14,84800","-40,83981"
293330,"IX",2007,631,"VITORIA DA CONQUISTA","N","-14,84800","-40,83981"
293330,"IX",2008,671,"VITORIA DA CONQUISTA","N","-14,84800","-40,83981"
293330,"IX",2009,586,"VITORIA DA CONQUISTA","N","-14,84800","-40,83981"
293330,"IX",2010,633,"VITORIA DA CONQUISTA","N","-14,84800","-40,83981"
293330,"IX",2011,626,"VITORIA DA CONQUISTA","N","-14,84800","-40,83981"
293330,"IX",2012,687,"VITORIA DA CONQUISTA","N","-14,84800","-40,83981"
293330,"IX",2013,685,"VITORIA DA CONQUISTA","N","-14,84800","-40,83981"
293330,"IX",2014,730,"VITORIA DA CONQUISTA","N","-14,84800","-40,83981"
293330,"IX",2015,734,"VITORIA DA CONQUISTA","N","-14,84800","-40,83981"
293330,"IX",2016,683,"VITORIA DA CONQUISTA","N","-14,84800","-40,83981"
293330,"IX",2017,787,"VITORIA DA CONQUISTA","N","-14,84800","-40,83981"
293330,"X",2006,157,"VITORIA DA CONQUISTA","N","-14,84800","-40,83981"
293330,"X",2007,164,"VITORIA DA CONQUISTA","N","-14,84800","-40,83981"
293330,"X",2008,175,"VITORIA DA CONQUISTA","N","-14,84800","-40,83981"
293330,"X",2009,166,"VITORIA DA CONQUISTA","N","-14,84800","-40,83981"
293330,"X",2010,139,"VITORIA DA CONQUISTA","N","-14,84800","-40,83981"
293330,"X",2011,187,"VITORIA DA CONQUISTA","N","-14,84800","-40,83981"
293330,"X",2012,196,"VITORIA DA CONQUISTA","N","-14,84800","-40,83981"
293330,"X",2013,197,"VITORIA DA CONQUISTA","N","-14,84800","-40,83981"
293330,"X",2014,191,"VITORIA DA CONQUISTA","N","-14,84800","-40,83981"
293330,"X",2015,206,"VITORIA DA CONQUISTA","N","-14,84800","-40,83981"
293330,"X",2016,236,"VITORIA DA CONQUISTA","N","-14,84800","-40,83981"
293330,"X",2017,219,"VITORIA DA CONQUISTA","N","-14,84800","-40,83981"
293330,"XVIII",2006,164,"VITORIA DA CONQUISTA","N","-14,84800","-40,83981"
293330,"XVIII",2007,225,"VITORIA DA CONQUISTA","N","-14,84800","-40,83981"
293330,"XVIII",2008,231,"VITORIA DA CONQUISTA","N","-14,84800","-40,83981"
293330,"XVIII",2009,307,"VITORIA DA CONQUISTA","N","-14,84800","-40,83981"
293330,"XVIII",2010,298,"VITORIA DA CONQUISTA","N","-14,84800","-40,83981"
293330,"XVIII",2011,412,"VITORIA DA CONQUISTA","N","-14,84800","-40,83981"
293330,"XVIII",2012,353,"VITORIA DA CONQUISTA","N","-14,84800","-40,83981"
293330,"XVIII",2013,246,"VITORIA DA CONQUISTA","N","-14,84800","-40,83981"
293330,"XVIII",2014,258,"VITORIA DA CONQUISTA","N","-14,84800","-40,83981"
293330,"XVIII",2015,258,"VITORIA DA CONQUISTA","N","-14,84800","-40,83981"
293330,"XVIII",2016,296,"VITORIA DA CONQUISTA","N","-14,84800","-40,83981"
293330,"XVIII",2017,274,"VITORIA DA CONQUISTA","N","-14,84800","-40,83981"
293330,"XX",2006,321,"VITORIA DA CONQUISTA","N","-14,84800","-40,83981"
293330,"XX",2007,313,"VITORIA DA CONQUISTA","N","-14,84800","-40,83981"
293330,"XX",2008,320,"VITORIA DA CONQUISTA","N","-14,84800","-40,83981"
293330,"XX",2009,406,"VITORIA DA CONQUISTA","N","-14,84800","-40,83981"
293330,"XX",2010,480,"VITORIA DA CONQUISTA","N","-14,84800","-40,83981"
293330,"XX",2011,414,"VITORIA DA CONQUISTA","N","-14,84800","-40,83981"
293330,"XX",2012,453,"VITORIA DA CONQUISTA","N","-14,84800","-40,83981"
293330,"XX",2013,436,"VITORIA DA CONQUISTA","N","-14,84800","-40,83981"
293330,"XX",2014,508,"VITORIA DA CONQUISTA","N","-14,84800","-40,83981"
293330,"XX",2015,438,"VITORIA DA CONQUISTA","N","-14,84800","-40,83981"
293330,"XX",2016,456,"VITORIA DA CONQUISTA","N","-14,84800","-40,83981"
293330,"XX",2017,444,"VITORIA DA CONQUISTA","N","-14,84800","-40,83981"
